rare_species_id,image_path,is_animal
28c508bc-63ff-4e60-9c8f-1934367e1528,20969394_793083_noanimalcrop.jpg,0
00372441-588c-4af8-9665-29bee20822c0,28895411_319982_noanimalcrop.jpg,0
29cc6040-6af2-49ee-86ec-ab7d89793828,29658536_45510188_noanimalcrop.jpg,0
94004bff-3a33-4758-8125-bf72e6e57eab,21252576_7250886_noanimalcrop.jpg,0
dc48f2ce-4feb-4ef7-b2a2-c3c3f42bf19b,29548208_47043290_noanimalcrop.jpg,0
3d881320-8ba8-4580-a72c-0e7ab116b664,21232818_1033999_noanimalcrop.jpg,0
7faca96a-54e6-4c80-b9e4-77ab126d904a,20315204_46561012_noanimalcrop.jpg,0
9f89ecab-aabd-41a4-b5b4-8ce106d85959,20124498_46570095_noanimalcrop.jpg,0
b6ec7a70-c470-4ede-8930-05844e1efd2e,29369182_323726_noanimalcrop.jpg,0
309ead66-8bb3-4043-a372-3bf353ab328c,30053716_912805_noanimalcrop.jpg,0
a6ca8369-a94f-416d-8ad4-d04d6473c611,28264284_46561012_noanimalcrop.jpg,0
fa538ef6-0709-4c39-a85b-12d3e9f7cd09,22662179_45511624_noanimalcrop.jpg,0
a8e04499-9757-408f-80cd-4e508dc3b8f2,21780197_45511494_noanimalcrop.jpg,0
e09db146-4447-4863-a0cf-23b85c4cf293,29297287_794627_noanimalcrop.jpg,0
0b31111b-ab31-45a2-b547-0f0a8f212f0a,22743125_1048224_noanimalcrop.jpg,0
1654b5d4-1bca-405d-9b83-b4aa569316fb,2747302_46559311_noanimalcrop.jpg,0
b0a7fc8a-07d7-4c79-8745-7b5bc3498e3e,29874180_791137_noanimalcrop.jpg,0
e2e9129f-7c21-41df-b0fe-878476fd7615,22222320_45511297_noanimalcrop.jpg,0
3387dc4a-4061-4151-ae68-b2fd9bf12d26,20945955_919473_noanimalcrop.jpg,0
293b5a16-16f3-42c5-b7e8-0f01869551f4,22627527_323929_noanimalcrop.jpg,0
84da5f6f-8847-4350-a208-f1adb38a6d97,29543412_1018932_noanimalcrop.jpg,0
16b767da-7b35-4f76-8ef7-0835148b760f,28854892_45516469_noanimalcrop.jpg,0
ad66d8cb-91f2-43ff-af1f-75ab38d2dd28,21390936_1019250_noanimalcrop.jpg,0
f2eb1d00-8760-4803-bf7f-431e0faf6a74,20803069_791461_noanimalcrop.jpg,0
9d8e3640-cdd5-4e04-8e81-4ba4f27dadaa,22595474_2984563_noanimalcrop.jpg,0
4fd8afa3-43ca-41fb-be5e-65b576a38f91,28935290_45509477_noanimalcrop.jpg,0
32e472b8-722a-4983-8fe5-a0605e330c1b,22521686_128466_noanimalcrop.jpg,0
3a3af0b2-5e00-472c-909a-f3c82d6886da,21443709_1048403_noanimalcrop.jpg,0
c6a48abf-92eb-4caf-aa53-602e2fac54f5,29632514_311549_noanimalcrop.jpg,0
ef7f6c7d-b39d-4e42-9ee4-e055de66e700,29321323_326355_noanimalcrop.jpg,0
eeaf84a1-a280-4685-8070-66a844f5550a,29897341_328017_noanimalcrop.jpg,0
b410ac82-151e-42e5-9d54-7cbd4f2580a8,20080363_46579618_noanimalcrop.jpg,0
9ff8af91-f167-47c3-b5b3-f2d5af849a7f,22595469_2984563_noanimalcrop.jpg,0
692d4cd1-e944-44af-a855-c7bfc0c5473f,28882329_1049111_noanimalcrop.jpg,0
d95e441d-0689-4637-b1c5-5d98755546eb,14205834_45511624_noanimalcrop.jpg,0
8511cb36-ea18-419a-b938-e6316e1855d4,20143617_331381_noanimalcrop.jpg,0
ee67ee78-9052-4008-9c93-038f25e534e8,20944092_45518794_noanimalcrop.jpg,0
621034f9-e6bd-46ac-ba76-8f5a50b21748,20769927_1050315_noanimalcrop.jpg,0
b577be73-b1ad-4ddb-a2d0-657253b4c7ee,29679313_23668991_noanimalcrop.jpg,0
81e2349d-0634-4f34-8b31-384f1d1d81f2,21385260_330419_noanimalcrop.jpg,0
52d2e3a9-2ca7-4c6f-9551-aad6c7a8776f,21744538_1039032_noanimalcrop.jpg,0
6f6a9b69-9e56-4222-9ce3-2463b5d9c0e5,29758976_1056984_noanimalcrop.jpg,0
7e386d0a-8b4d-4c4c-9ef3-61f4136d5351,29839851_1055105_noanimalcrop.jpg,0
1f490aec-bea3-4127-9215-0ded8a91598f,20345314_46579619_noanimalcrop.jpg,0
422175de-5d5f-4547-8c4f-7729988a341b,21461471_45516020_noanimalcrop.jpg,0
3df83413-32fe-46e3-a9d8-40badca2ba8b,29528950_1055496_noanimalcrop.jpg,0
3a88bef7-4a43-42d2-9740-820e998a35ab,21361952_1065067_noanimalcrop.jpg,0
6e709f7f-5aae-42b5-862e-a2eb93b4e288,22137560_46559756_noanimalcrop.jpg,0
cc08a69a-83cc-4fbe-b81a-600261e90019,20944394_1065125_noanimalcrop.jpg,0
ffb245dc-5e58-42f2-a9ad-0a84d97da89f,8794908_331080_noanimalcrop.jpg,0
8b383a57-1d99-4a1c-a55c-027dcd9b024a,30098480_205909_noanimalcrop.jpg,0
a224c0bf-2df6-417d-89f4-a8e939905252,22753142_1048330_noanimalcrop.jpg,0
64d645f2-980c-4336-9b58-ce1588689b77,22078993_46560977_noanimalcrop.jpg,0
bd30abc1-2bbe-4ee9-bed4-d49339be1dfd,14186363_46559486_noanimalcrop.jpg,0
e893cc88-ffcd-4200-a5c9-d70ceedfcce1,22222312_45511297_noanimalcrop.jpg,0
cc5cea91-f442-4390-88a1-ffe63add4ee3,13985492_4472389_noanimalcrop.jpg,0
92da1502-8952-4c25-b20c-a9e7108e4e09,29986906_1177988_noanimalcrop.jpg,0
c09f539f-dbff-44be-aef8-e1e430ff9a5d,8943243_1048038_noanimalcrop.jpg,0
8b06279a-6989-4319-ae6d-cd79732babe3,20280459_45517790_noanimalcrop.jpg,0
2815783c-ecf7-429d-9622-56524cd36961,22567536_323886_noanimalcrop.jpg,0
7da18c05-f177-43c1-8eb1-9208535d5dee,22539009_354871_noanimalcrop.jpg,0
41cc67f1-ac74-4e0a-8fbc-a126178b55c7,29377099_4453333_noanimalcrop.jpg,0
3df79c0e-382d-4e77-bd4b-2c0e7c7b6ec9,29902251_1065065_noanimalcrop.jpg,0
5ade3d44-750a-4920-9330-5f3808854298,22930575_1227079_noanimalcrop.jpg,0
c56289c6-b515-4f51-a72d-b9c104f8b6d8,21827119_795456_noanimalcrop.jpg,0
482f4d5e-ccb7-46b8-a19a-4ebbf58aac2c,28675416_453303_noanimalcrop.jpg,0
b2a49850-876e-4bfe-863e-313b6e52d0d8,14067360_1048409_noanimalcrop.jpg,0
6e833b15-f8d5-4b75-bc4d-5d1741aa4f7e,29441799_331378_noanimalcrop.jpg,0
41fe3ddd-9d1f-451f-85dd-0ce212d7d219,21375090_118008_noanimalcrop.jpg,0
22e5911e-550f-4479-88e4-45073e796a5b,8823138_2920193_noanimalcrop.jpg,0
97801c77-1c52-47e6-9d9b-859b3d415ba0,29384424_2984557_noanimalcrop.jpg,0
d6847f3d-c6ff-4e4f-9a0c-7a906c026ba5,14205824_45511624_noanimalcrop.jpg,0
2afd616f-bb0f-4a6b-8c21-5d32e94c1902,20865404_45509132_noanimalcrop.jpg,0
1c9ba97e-0711-4446-a775-5e5b1319d9d7,8782006_1057320_noanimalcrop.jpg,0
f770a9f2-ab02-4f9c-a2b4-5bc1ee4c1c21,2702998_211786_noanimalcrop.jpg,0
5dcfe154-4721-4b6b-b1eb-68d7293605db,20208319_46560546_noanimalcrop.jpg,0
23989393-0d83-4afb-991e-eea941c8036c,22946255_1057320_noanimalcrop.jpg,0
12734b40-5d60-4958-9f22-c0fdd6859eeb,21035379_130548_noanimalcrop.jpg,0
9662297d-17cc-4b12-a556-359c19e5f911,30070968_1038777_noanimalcrop.jpg,0
099cf914-a1bf-4cf5-b918-aa7b38b5c85e,28170652_45276848_noanimalcrop.jpg,0
e2b62727-13c0-4f29-afc0-e290a53b9b59,21709145_47049694_noanimalcrop.jpg,0
95e673f2-7079-4c12-bc80-55254cfb65df,20845457_327936_noanimalcrop.jpg,0
9ed1c16c-16c7-4090-a03c-d227a6dce02c,21766564_45518003_noanimalcrop.jpg,0
09d36d89-0046-4a3d-935f-3a87a82fa3b5,29351596_311570_noanimalcrop.jpg,0
a5aec2cf-749d-4b4a-9b7c-03cbca6425e6,28935028_1227079_noanimalcrop.jpg,0
a9821c37-35df-4051-ae19-74ede54e81a1,28935027_1227079_noanimalcrop.jpg,0
b86f277a-7c11-4472-8982-b0e3fe95363f,20809250_46560594_noanimalcrop.jpg,0
8004ec60-68b3-42fe-a656-73b06b6669c1,28939539_45512084_noanimalcrop.jpg,0
14a2f629-aeca-4015-a52d-4aed5c18c990,8945070_1019469_noanimalcrop.jpg,0
1177a1f7-2559-4216-8001-997191dcd8be,29679332_23668991_noanimalcrop.jpg,0
f88ac15a-87f5-463a-a757-1493a37c2401,20811697_45517661_noanimalcrop.jpg,0
979fbbd3-c96f-41e5-950b-35d85bdf44e4,29995046_45512066_noanimalcrop.jpg,0
22156a3a-b541-4669-b2fc-bf1592a3e722,22240815_45517756_noanimalcrop.jpg,0
d1546303-0176-4e25-8e43-06d5e34fcede,20315199_46561012_noanimalcrop.jpg,0
e65404f0-b9cf-43f0-872c-a55e86620388,21013701_816079_noanimalcrop.jpg,0
205a8d6f-0e4a-4645-a5d0-d60efc226df5,22753141_1048330_noanimalcrop.jpg,0
c62dd560-5ee4-4626-bfcd-fc9f6f2618ff,20280457_45517790_noanimalcrop.jpg,0
f93fd630-c688-4572-9f6c-008813f48bc5,22222310_45511297_noanimalcrop.jpg,0
90cf3774-110a-4b56-95b4-cf3a78971eb8,21684281_124135_noanimalcrop.jpg,0
6b02e7bc-540f-4edc-9d5c-8399aff37905,20071640_46559814_noanimalcrop.jpg,0
c5f3e8f3-71da-4706-aa06-a0af8b7f9b42,30052476_308387_noanimalcrop.jpg,0
61a21246-0198-484c-89c0-1ad3d156fac1,20154088_46559748_noanimalcrop.jpg,0
e09817a8-084f-47e1-b9a9-24040a24056e,22753133_1048330_noanimalcrop.jpg,0
5f9a0864-f335-4cae-abc4-fa0d24e20120,29550123_45511093_noanimalcrop.jpg,0
50cafbdc-560b-4139-8955-da4675d3f8da,21686383_327547_noanimalcrop.jpg,0
fc79ad9e-1ff6-4a7b-91c2-9b4ecd74012b,22245703_45517731_noanimalcrop.jpg,0
3a06c59e-e97f-4cc9-a79d-e306cfc41244,21658223_332015_noanimalcrop.jpg,0
6803b8ee-0a9e-4b7b-9409-365cd03f85c5,29014744_328076_noanimalcrop.jpg,0
92b21f36-643a-415b-a5ac-fe4cde6c8103,22308494_1019469_noanimalcrop.jpg,0
af1662f6-9913-4074-83d2-d56830881abc,20350849_1055105_noanimalcrop.jpg,0
44804053-32ff-430c-b6d2-5753714f3526,21361951_1065067_noanimalcrop.jpg,0
09c52ad2-4a6a-49e9-bb73-6db5147bd4b8,12282793_1050315_noanimalcrop.jpg,0
dc9035b9-a559-4420-878f-3e8cb1cf6a8b,8777107_331513_noanimalcrop.jpg,0
76f5b2da-8778-4592-8a0e-3f82a28d289d,22140494_311432_noanimalcrop.jpg,0
6691406e-24d7-4fdd-9b7e-3d4381d8b51f,20009740_45514697_noanimalcrop.jpg,0
516c8b78-d22b-41a5-a134-92111273a049,29102502_46560555_noanimalcrop.jpg,0
6ffe6bab-105a-496e-a647-b357e4cb0df9,21442008_46516728_noanimalcrop.jpg,0
a6266be0-fd34-4a13-b880-094b7630a63b,20631140_326355_noanimalcrop.jpg,0
962711b2-f169-4f61-9f1a-4071572bc868,20817757_790997_noanimalcrop.jpg,0
f520d227-70f3-4cdf-8986-edefc3667031,5471999_328497_noanimalcrop.jpg,0
c7681d9b-eac5-486f-89c9-c7c1a4a7bd69,20944089_45518794_noanimalcrop.jpg,0
604f9c91-3e62-40e5-9a81-97c4d7738534,29922344_914531_noanimalcrop.jpg,0
33996063-9a74-436a-a2a6-448e9d534c15,30089647_45510548_noanimalcrop.jpg,0
960a7d6b-21d5-4a23-bf35-c4f624b58fdd,28261327_45276299_noanimalcrop.jpg,0
5ce528cc-aa2b-4c0c-b53f-da0a3aaa7592,20239910_4453917_noanimalcrop.jpg,0
bdc083d2-9fd0-46fb-8c2f-49d96ce518bc,29470320_46563153_noanimalcrop.jpg,0
d1af6af1-710c-42af-b2e7-e0533cd4f4f7,20765377_1064877_noanimalcrop.jpg,0
7715b1f8-8ee8-400a-9566-a1bf5349b414,21543544_46578271_noanimalcrop.jpg,0
42cf89be-e57d-4e55-97b1-e5d38b97730b,29345769_324407_noanimalcrop.jpg,0
1ce88a74-3d85-43d4-acdd-6ae3395ce07d,14232864_45517790_noanimalcrop.jpg,0
7c7cf5ea-8447-4cf3-9879-8a91392a344d,22281496_324405_noanimalcrop.jpg,0
2a0a2067-b528-4907-8be3-430fd8eeea06,14180249_46560310_noanimalcrop.jpg,0
ec8b612e-3b55-46e3-8101-985a2bb34c38,20298407_4792502_noanimalcrop.jpg,0
40a16360-c531-4f17-b5a9-33e09127859d,21507323_47045523_noanimalcrop.jpg,0
242e6896-1a0e-4c10-9f13-5c9c5e607014,8862863_1056842_noanimalcrop.jpg,0
303bd937-6ddf-47dc-8501-19c315966af3,28417666_1048218_noanimalcrop.jpg,0
69c6cfe9-d6af-45d0-a10a-17f817231793,20093557_1018900_noanimalcrop.jpg,0
587c8ea6-85a9-4ceb-8c56-7e3989f77b29,22519443_914532_noanimalcrop.jpg,0
f26cfc5d-9676-4468-b139-60ed50fa1958,30112819_45517661_noanimalcrop.jpg,0
d55a4028-9d74-419c-b65d-e582611674bc,21360912_45512248_noanimalcrop.jpg,0
63e03d68-8cbb-438b-a7e0-4b55857e85ef,29010396_4453917_noanimalcrop.jpg,0
22b34136-b07d-410d-a803-9ccac4a70a2c,21055056_45518587_noanimalcrop.jpg,0
11000116-d78a-49d9-be0d-871327d1d137,21824697_45517999_noanimalcrop.jpg,0
0d785359-a630-4337-b09d-85d3c6950de4,22894720_1047771_noanimalcrop.jpg,0
a48d301e-fa58-41cc-bf55-49abf18b925d,29014313_323908_noanimalcrop.jpg,0
85e441e8-33f6-410f-ab64-6b190ab7c4b9,29911904_132324_noanimalcrop.jpg,0
102f744b-5af7-4cfb-86f8-4912e880bf1b,29321338_326355_noanimalcrop.jpg,0
3b8a688a-35a5-48a4-a127-32e0b3606d30,22888804_1048218_noanimalcrop.jpg,0
1faf751f-b8ab-44b7-84be-a2b0c5020828,28209895_45510504_noanimalcrop.jpg,0
ed9ed64f-ee68-425e-953d-f3bd47d90965,28861443_46473747_noanimalcrop.jpg,0
c0f5f544-f2b3-4465-ae43-84faf72553f6,28905197_323886_noanimalcrop.jpg,0
637d1b19-577d-4e09-a163-4e0e42d83053,30059155_328029_noanimalcrop.jpg,0
b1351fd8-4384-4720-890e-3285bc6d3619,29651591_47045523_noanimalcrop.jpg,0
24ee2d14-5d8a-404a-b33d-19707fd4707e,20854050_792821_noanimalcrop.jpg,0
9ab4216f-bdca-4bf7-be7c-45758efde39a,22743115_1048224_noanimalcrop.jpg,0
0e5e98fd-8683-4ce4-94e1-c73c919cf671,20854052_792821_noanimalcrop.jpg,0
29e1f2d0-2665-470e-9f94-c76c888c4794,22662191_45511624_noanimalcrop.jpg,0
d7fadd73-f7ad-45e4-9439-c30e33859f74,28928663_45518912_noanimalcrop.jpg,0
44c0a831-e426-49a5-ae9f-50bdc78c5625,8768365_331481_noanimalcrop.jpg,0
3dd38d1f-d3ce-4cb7-817a-a3b6f00139a0,21684274_124135_noanimalcrop.jpg,0
5144b865-cce8-4bce-9422-e1b96a7477d4,22301481_45512251_noanimalcrop.jpg,0
058f7828-5640-4ba2-b2ba-200b3724a015,29887427_1048944_noanimalcrop.jpg,0
540fa07a-741c-43fa-a32d-1d8b47d58dad,8924085_1019162_noanimalcrop.jpg,0
48968831-3b0c-47d2-86b6-7b9549a14494,29476908_1065067_noanimalcrop.jpg,0
d3e04403-032c-450b-9adf-ce034d79f6c1,8924090_1019162_noanimalcrop.jpg,0
8badc14a-6016-4463-938f-38556486b66f,13600049_45511093_noanimalcrop.jpg,0
b03df7ca-f071-47a5-9f8b-12747c76d0aa,21744554_1039032_noanimalcrop.jpg,0
a96877a9-99c2-4d53-bf86-3210fedc939c,22567537_323886_noanimalcrop.jpg,0
6e4a963b-4b8d-46d9-8610-eb669256296e,8777084_331513_noanimalcrop.jpg,0
50fcecad-0e9a-4243-937e-851c5a3d032a,21375099_118008_noanimalcrop.jpg,0
fdb3114d-86d6-4c3c-a218-7f81893655fc,21001017_46581467_noanimalcrop.jpg,0
2428ee76-ca8e-47b6-8e47-84f99da1a175,21001021_46581467_noanimalcrop.jpg,0
916d0b84-7416-4746-95b2-af1a85e7f731,29321330_326355_noanimalcrop.jpg,0
ac66a04d-2465-4e73-bf6d-1c53354e16b1,2747305_46559311_noanimalcrop.jpg,0
410b5e21-f345-465d-bddb-0b8edd9dae33,20093568_1018900_noanimalcrop.jpg,0
68141704-f9cf-492a-b9d3-0a8aaa37752a,8768362_331481_noanimalcrop.jpg,0
a4915f08-ab36-44cf-9707-1f4c6cb27ff9,29904429_1018725_noanimalcrop.jpg,0
ddab8f7e-de19-4f82-9548-2d31bc53a9ac,21361959_1065067_noanimalcrop.jpg,0
ab8922a3-7834-4ed9-9cf7-68b2af11c238,22248388_45512569_noanimalcrop.jpg,0
667bbebe-4778-47a3-b2f1-bd15ec9948d2,20350841_1055105_noanimalcrop.jpg,0
c943a487-6705-42e1-8980-1ec7cf85ec2c,11811_45513542_noanimalcrop.jpg,0
cf4d0695-ca27-4c20-a9c3-4ee0424019ec,21917760_46559948_noanimalcrop.jpg,0
cdd33435-2091-43b2-8312-d8c8deafe56b,21507318_47045523_noanimalcrop.jpg,0
e7f48775-49dd-43a2-b473-9dfb144f15d2,22292568_47048632_noanimalcrop.jpg,0
4ecbf472-ae99-4ae1-b35d-542bfcadff10,20769929_1050315_noanimalcrop.jpg,0
ae6ad8ab-0e8b-4b6e-a1ee-7b5392b886b8,21070531_129474_noanimalcrop.jpg,0
5b83ce9c-37e5-4681-b179-5fc46d1a5c84,29792847_4520624_noanimalcrop.jpg,0
ee371500-f467-4968-97d7-6b48719b6b45,21847566_1065348_noanimalcrop.jpg,0
51f379d5-6040-4fd3-acac-292a1408972b,8875094_311570_noanimalcrop.jpg,0
44169b15-e747-40b1-a611-b2d231018bfc,24576328_205714_noanimalcrop.jpg,0
92410979-7b3f-42e9-bbe7-4fe7621ceb0a,20642998_46560177_noanimalcrop.jpg,0
923d0b4f-e593-4043-9921-85359faa1a79,29574296_45511297_noanimalcrop.jpg,0
1312ceb6-8706-44d6-98c2-99465883e968,22078999_46560977_noanimalcrop.jpg,0
f3e997d0-3b60-4c91-969c-d09f0aad3a23,20811098_46559307_noanimalcrop.jpg,0
d5bf5832-2899-4b73-ba30-0202ce753cec,20339459_46559787_noanimalcrop.jpg,0
0225a5f1-7ee7-418b-908e-2a7d230a6730,29911930_132324_noanimalcrop.jpg,0
3f9e8fd4-8c45-49c9-a4a3-d4a4caf12597,20459145_45276459_noanimalcrop.jpg,0
6102620e-ec82-4493-a8b0-4348554701cc,21723997_46559790_noanimalcrop.jpg,0
fa0d76bd-bf74-4da1-807d-c11dc5d6cbd3,30112823_45517661_noanimalcrop.jpg,0
a24eec96-c554-4b30-a46d-47c1e5f2bde5,29548174_47043290_noanimalcrop.jpg,0
d8cca71b-11ac-40e3-9d73-9903746e8202,29407412_45513821_noanimalcrop.jpg,0
aa935bde-e5d7-4c86-9a53-9f50840d9594,29409398_1065369_noanimalcrop.jpg,0
df2735d1-3cae-4c21-a7e4-aad2e16b3a87,20710774_1001090_noanimalcrop.jpg,0
9359cdbb-1247-4b2a-aaaf-4dc04ffd172c,22140503_311432_noanimalcrop.jpg,0
948b9d90-26fa-4d45-b9d6-e3bc845d1169,22519449_914532_noanimalcrop.jpg,0
f9715a0d-e54a-45b5-846a-8894724a5743,21756545_46559441_noanimalcrop.jpg,0
16bb0ba2-fdbc-4f44-aa1a-e61fab60a84a,8768374_331481_noanimalcrop.jpg,0
6a9308b1-61b3-4acd-a044-1d74090e7e7b,21686393_327547_noanimalcrop.jpg,0
34451ee3-6053-4c52-a645-8dace01295fd,22401522_1055803_noanimalcrop.jpg,0
9d159036-16e9-4fef-80c0-ef78b2dd12bf,29992209_46559486_noanimalcrop.jpg,0
e66a7e5c-ef54-4ed5-844b-6c65a590311d,21071824_355546_noanimalcrop.jpg,0
36b22119-5489-4618-8aaf-946ff7de2a63,22582812_51263523_noanimalcrop.jpg,0
981ba623-208a-4af0-972f-f233a689d1c7,21411803_449393_noanimalcrop.jpg,0
17e46474-53fb-4932-8bbb-de019e63ad8b,29983589_1049138_noanimalcrop.jpg,0
405303bd-78c6-4999-9d15-de57c27a0e9e,10819494_45509269_noanimalcrop.jpg,0
daac0353-d12c-4286-89c1-a99d82f91086,21071829_355546_noanimalcrop.jpg,0
6b18ebba-5854-458f-a5ff-ae28457d66f7,22894733_1047771_noanimalcrop.jpg,0
132aa142-83bb-4471-a8eb-e6ce220d44b1,29568007_46559300_noanimalcrop.jpg,0
f1504199-3ac4-4308-9bbb-d4b36591ba2c,22308491_1019469_noanimalcrop.jpg,0
d10966a0-2c38-449f-8b2e-3c25c5e25f8a,30040827_46559206_noanimalcrop.jpg,0
3cdbb266-47e7-48d1-87ec-a4ef148c6eaf,22105014_1056984_noanimalcrop.jpg,0
ed566c48-dc7e-4d0d-ab9e-89b2ca5026ca,20617696_46559476_noanimalcrop.jpg,0
eac987e1-cc22-4d57-9048-004e1c299f4c,14162240_45513870_noanimalcrop.jpg,0
5ccadd6b-e0e3-406d-9f9d-54604a9fdb11,28914693_45514240_noanimalcrop.jpg,0
ceadabf4-ad65-4260-874d-7b63c166fdd8,30089651_45510548_noanimalcrop.jpg,0
d01bee78-dc1e-44c5-862d-6334f30f3f32,29839857_1055105_noanimalcrop.jpg,0
b887375c-64b3-485d-be7f-73833c237e14,22078987_46560977_noanimalcrop.jpg,0
dc147119-465b-4563-9231-00b1d06fd9b9,22951759_331513_noanimalcrop.jpg,0
3d86c903-e40c-495e-b808-f939b9a64eef,20845468_327936_noanimalcrop.jpg,0
c50fc621-3032-4a0d-b0f1-5621c48df7b2,30016982_1055462_noanimalcrop.jpg,0
52a5e25f-43e5-4b46-9307-1106afb74900,21684266_124135_noanimalcrop.jpg,0
5091bfbd-e89c-4f2f-9b2f-58ce06e5d864,20093562_1018900_noanimalcrop.jpg,0
400590c5-2f5b-4eeb-bbb9-d4f6165cea65,28307514_45276518_noanimalcrop.jpg,0
963eae43-8deb-481b-a23f-9ecd18ce6bfe,30031482_795456_noanimalcrop.jpg,0
72fadcfb-7650-4da2-aa1c-b13e3ad9b0f4,22189696_1035663_noanimalcrop.jpg,0
2a86af63-d7ad-4c49-a295-a1051be25857,30052472_308387_noanimalcrop.jpg,0
75835ecb-8100-4fbb-b4f7-7c01269f0314,20743479_1052882_noanimalcrop.jpg,0
fa623bef-da54-494f-b25b-9febdffdde8e,10787920_46559786_noanimalcrop.jpg,0
23dfc462-16eb-4560-bd93-a64ccc6d2497,21211326_4520624_noanimalcrop.jpg,0
57687553-d842-4b05-a5b0-96a7c97c332b,21922205_793088_noanimalcrop.jpg,0
669234b7-a0dd-4206-bfca-bcb00386730f,20769918_1050315_noanimalcrop.jpg,0
a6f86307-f32d-4dbb-aae7-5205becd38f3,22886870_1038796_noanimalcrop.jpg,0
a3ef1fc9-d6db-467f-9642-1b26f2268794,2745973_45518969_noanimalcrop.jpg,0
00854fa4-d2de-4a03-ba23-d991b4a468cb,28290806_124135_noanimalcrop.jpg,0
a5ddc2a9-2620-4d36-9854-af4ace2edf5c,29346062_1049385_noanimalcrop.jpg,0
d0a9b90c-88a0-4eb0-99fd-513f09f58c2c,22755612_46571863_noanimalcrop.jpg,0
f7bfe6bc-189a-45c1-aaa0-d930df303121,14085637_45512036_noanimalcrop.jpg,0
a2365471-ccf3-44f9-a0af-32f4bbe99066,29346057_1049385_noanimalcrop.jpg,0
85e09212-3c03-454d-b4e9-f527cccf85ec,20765369_1064877_noanimalcrop.jpg,0
c5d4ca12-a9d3-4217-b462-f967d213ea98,22308495_1019469_noanimalcrop.jpg,0
d8416e53-a9f0-47cd-9801-67fc4e78ce4b,21361963_1065067_noanimalcrop.jpg,0
d37baac7-2a50-43be-aaa4-8f1c685c7277,29468946_795274_noanimalcrop.jpg,0
4f3fb208-337d-4408-87eb-6e7b6050921b,29407541_45513821_noanimalcrop.jpg,0
162e2462-9ec3-402e-b818-66bfc47c0825,20469924_326451_noanimalcrop.jpg,0
af41b8ff-aef3-46c8-ba31-474f24800322,8973881_1048040_noanimalcrop.jpg,0
22af5be8-7710-4ee3-8925-7e32a5b89248,22137562_46559756_noanimalcrop.jpg,0
cc0d7589-42c2-4d48-b29f-39caaa7e6aa7,28219376_45276311_noanimalcrop.jpg,0
822476c0-52d0-4061-8208-22d9f930beda,29536725_1048330_noanimalcrop.jpg,0
3e03fca6-5cf2-43fd-b792-b02aa0fee3a3,22567534_323886_noanimalcrop.jpg,0
df02a74d-eec6-477d-8372-79a4ff8a5c1b,21922223_793088_noanimalcrop.jpg,0
ff4bdce9-708a-4607-ba9b-7e076e05ffd0,22574044_456490_noanimalcrop.jpg,0
cfb855fc-058d-4b67-a47d-4599dab9c2cb,14146794_1035663_noanimalcrop.jpg,0
1f22524e-c580-445b-8a64-5a89ac9d354d,2744866_449459_noanimalcrop.jpg,0
d6df5b6c-cbdb-4602-a4aa-3eb14f70efc8,20143604_331381_noanimalcrop.jpg,0
2fe5be95-1beb-4a49-a65b-eccac01036a1,20280462_45517790_noanimalcrop.jpg,0
f58114e0-a51c-42a7-85f0-b7dd8307113a,22180225_2984557_noanimalcrop.jpg,0
d2eab6c8-42c5-4d28-8375-f8f0c9dd4e29,20599603_45513966_noanimalcrop.jpg,0
54eedc49-f0c9-4de6-b416-fca4bb82136e,22501857_454868_noanimalcrop.jpg,0
2f2c2626-ca1d-45a7-9018-fa2dc1dc9662,22521691_128466_noanimalcrop.jpg,0
e9039515-0c78-4b92-aa60-317a1219d344,20515555_46563153_noanimalcrop.jpg,0
87722850-cda1-49db-80bb-2a099bbe1dae,28769269_46559948_noanimalcrop.jpg,0
01c2b85d-bebf-4523-a3ff-ea26afdc1fef,30072823_323915_noanimalcrop.jpg,0
375316c4-078f-4613-be2c-d00390ed6339,20208318_46560546_noanimalcrop.jpg,0
2f734fd7-f5e4-411e-9cd4-374e75964271,21959628_4454250_noanimalcrop.jpg,0
df10bbee-d50b-4bc6-88be-0dfb1cc54780,28513400_130707_noanimalcrop.jpg,0
74d43a3e-d253-4364-b6b4-a91f2596af21,20503493_795277_noanimalcrop.jpg,0
7829a90d-2efb-457a-8ccf-3c921d7d43b1,14155393_47045523_noanimalcrop.jpg,0
f5e8caa2-642f-449f-9d13-c5ce090249a4,21055051_45518587_noanimalcrop.jpg,0
2ea3b4ee-6a5c-463b-9eaf-f8ef59aa6ba8,29407288_128419_noanimalcrop.jpg,0
beb1a392-ec37-458f-9a15-06547707864f,8957060_46394217_noanimalcrop.jpg,0
df9c2853-8137-4e89-a35e-8b8813f0a908,29761223_1055460_noanimalcrop.jpg,0
799a3c54-6419-4347-93f1-fc79047f2b0a,29574818_45511296_noanimalcrop.jpg,0
d0601d3b-173e-4a70-bef3-bf8514c830f3,29746935_47044474_noanimalcrop.jpg,0
553ab00e-fea6-4985-9508-45d3664c5113,28493276_995017_noanimalcrop.jpg,0
1c6fff7f-3dff-4c67-870c-2e87b00bb6ed,29658969_1065063_noanimalcrop.jpg,0
53cce26c-efe1-489e-8ec0-a776b277e451,28748641_45512251_noanimalcrop.jpg,0
5490c68e-4352-4132-9a69-bc13425b3e5d,22930578_1227079_noanimalcrop.jpg,0
3245897e-333e-489d-b66f-a8244d698fcd,20208323_46560546_noanimalcrop.jpg,0
3fd26673-5d27-4b07-abd1-a63a0cdaba27,21378164_45513537_noanimalcrop.jpg,0
5e82e97e-a544-441c-b14d-9b8c69a66131,29658980_1065063_noanimalcrop.jpg,0
b6d261f4-b484-4f58-9019-2d4ac5237cfa,22222318_45511297_noanimalcrop.jpg,0
864f2fd1-12f0-4568-8211-9715805e7692,28407063_1057320_noanimalcrop.jpg,0
698088f8-dc09-4b47-ae49-fb4d5838443d,29468574_4453294_noanimalcrop.jpg,0
0f901668-0286-4f69-8672-14b57f6eb7a3,29684477_45517788_noanimalcrop.jpg,0
46540770-e939-4804-8c25-36e77befa7af,22140495_311432_noanimalcrop.jpg,0
6e98e85e-f78e-448e-989c-2a49849c1aa0,21866393_46580005_noanimalcrop.jpg,0
a339a16d-0606-4426-89eb-e6779b8bd376,22132961_45512039_noanimalcrop.jpg,0
cdb28413-08c0-45cb-ba53-29c0b134a122,21923659_45509321_noanimalcrop.jpg,0
629a5e70-852e-415f-b56d-326cc826e626,20963633_128419_noanimalcrop.jpg,0
85444e50-a7d0-444b-bf0c-cd2583fffa8f,20216793_45509438_noanimalcrop.jpg,0
c67d3ffc-7d31-4d1f-b22a-f2b7c96ef2b9,21232827_1033999_noanimalcrop.jpg,0
a60f7ee1-2405-40df-8e4d-556aa9202f60,20216791_45509438_noanimalcrop.jpg,0
e85b1ca0-a2bd-459b-a0ca-eedb1e9262f6,8957062_46394217_noanimalcrop.jpg,0
d832be0f-7010-4992-879b-cbbae99ed59f,20229216_45511531_noanimalcrop.jpg,0
a8a60186-d286-4bf7-9391-cc1ff7e34af3,21866395_46580005_noanimalcrop.jpg,0
f6c300a1-c1e4-461a-89d3-5f815eff9327,29859853_45513537_noanimalcrop.jpg,0
58f7355b-6d78-45ab-88aa-d613c809fa14,20350840_1055105_noanimalcrop.jpg,0
9382c837-13e3-4b51-b25c-7583bc05a9e2,21586618_152379_noanimalcrop.jpg,0
8d000a3d-4d41-4536-88f7-0b92f4da117f,22066844_45511093_noanimalcrop.jpg,0
1e1ec4c5-0986-4aed-80d2-f6551bcd9511,22137135_45513870_noanimalcrop.jpg,0
43bd1cb0-8cf3-4ab3-845e-9c62a01b1228,22930574_1227079_noanimalcrop.jpg,0
eabdb52d-67a5-4a3d-b832-3caa6cccd6d0,22225155_45516974_noanimalcrop.jpg,0
415c9568-1cc8-43b5-8ccf-7d89812d234e,21922219_793088_noanimalcrop.jpg,0
1a254874-36be-493b-95c2-af597c9e3e5b,30040811_46559206_noanimalcrop.jpg,0
4b884ed3-393a-4e14-9822-38a403827e64,22401537_1055803_noanimalcrop.jpg,0
8a037898-2e72-48c1-a9b9-3ec529f2d8ff,29395535_45511492_noanimalcrop.jpg,0
67b9c848-2ea6-45aa-b485-d10477f83199,20511636_963751_noanimalcrop.jpg,0
5236b5ae-06b8-4762-80fa-291925043fec,22618631_45512036_noanimalcrop.jpg,0
45ccff9d-4a18-472b-8ec7-b4feb0078438,20927228_45510209_noanimalcrop.jpg,0
dc9f4724-1dba-45b8-8245-cc065753a8d6,22194658_1010637_noanimalcrop.jpg,0
a66ef7b0-2d9d-4c1f-8d8f-c6239f4eef54,13597867_45517790_noanimalcrop.jpg,0
83bbb0f0-fd18-4366-9eff-5d3bcf3a49b8,22066842_45511093_noanimalcrop.jpg,0
94c53a1f-6bd9-469f-85b9-b2ce93e90c21,14072966_328070_noanimalcrop.jpg,0
8a4c73cd-c710-4fcf-95db-df73d9d41145,21670601_336170_noanimalcrop.jpg,0
12d02157-d248-4f41-9b7c-cdb956142fff,29441859_130707_noanimalcrop.jpg,0
0a34d1da-3f43-4717-8803-ed5fdaa2719c,29772107_1049135_noanimalcrop.jpg,0
640aa083-2395-4a53-8013-7a0c22cea27e,22864939_52691998_noanimalcrop.jpg,0
98488939-ce97-4dba-a044-b4510673bd14,29628219_1048038_noanimalcrop.jpg,0
d403c63c-ca45-41d9-9002-d286dbfc66b1,8775118_45512086_noanimalcrop.jpg,0
da263fb4-01f5-44a7-bbd7-df4359f187d2,28312812_45276847_noanimalcrop.jpg,0
9cd8693d-ef49-4f1b-ba00-0e6884a0b9e8,29441855_130707_noanimalcrop.jpg,0
30783845-7b6f-4028-9084-4a43c1851bc9,28675428_453303_noanimalcrop.jpg,0
0e76c10d-0fbe-4f44-bc5e-abfba7186ec4,8897645_4453214_noanimalcrop.jpg,0
975dfdcf-0a66-43c3-9fa3-1c01ed81f4d6,29468543_4453294_noanimalcrop.jpg,0
3b6a2508-d1e0-4968-8f5e-532846bfd6ce,28911621_7250886_noanimalcrop.jpg,0
ba0e35f5-787a-4c80-9064-93b1494f97a8,22183991_1177988_noanimalcrop.jpg,0
6df1c539-7a0a-437a-bdbe-5e1f40bbfe95,20945969_919473_noanimalcrop.jpg,0
113cb776-5ae2-4f51-aa4b-2617ffb4f0c2,21443711_1048403_noanimalcrop.jpg,0
24148f0c-7adf-495d-a222-1ad20cd62b04,30052484_308387_noanimalcrop.jpg,0
6aea53c5-0fc2-4faf-94b5-513866787357,29945323_1077217_noanimalcrop.jpg,0
4f635e8b-4a99-42e2-a654-518d4136cf50,29983194_47044557_noanimalcrop.jpg,0
b5328b67-7b15-4299-88af-ac8ccb2ddfc5,29482920_453292_noanimalcrop.jpg,0
4f596d18-18fd-41c6-bdc2-3fa4151a614d,29887448_1048944_noanimalcrop.jpg,0
1b17cb89-3feb-4577-ad0e-162e9cff0e19,20845459_327936_noanimalcrop.jpg,0
b06995a2-be0e-471d-929e-6f1a157469e3,29734636_1011315_noanimalcrop.jpg,0
80d9770b-071c-44dc-8031-2b39c4edf5f1,29859858_45513537_noanimalcrop.jpg,0
ed627e0d-98a8-4448-80b9-265d31d927ba,21248890_453292_noanimalcrop.jpg,0
899aa6e7-55f2-4603-b411-f7b62250740b,14083182_328029_noanimalcrop.jpg,0
1ae1f25e-300e-400a-b4e2-bc34de82cd27,20206318_46561068_noanimalcrop.jpg,0
9c34f6a3-4772-4e41-b1ea-9e0ba13f86f2,29680992_328070_noanimalcrop.jpg,0
aebb9ec1-c57b-4e81-b1ae-d98908dc9a35,20703751_1049138_noanimalcrop.jpg,0
eff4791e-e01f-42d4-8188-5987199c6383,22567549_323886_noanimalcrop.jpg,0
f65f98ad-ecbb-4065-a42b-fcd8ec5bcd8d,22040899_46567771_noanimalcrop.jpg,0
288418a9-e1d7-40cb-b599-bf5293625b16,8970260_330812_noanimalcrop.jpg,0
35045f2e-90d0-45df-8eeb-e9a3543c3269,28414619_45276545_noanimalcrop.jpg,0
70a61f8a-952c-4b99-aa5d-dd55587d982f,22301469_45512251_noanimalcrop.jpg,0
e1b7acd0-0b2d-460a-b6c9-76ecd52a5bdd,21801358_4357897_noanimalcrop.jpg,0
e4df513d-d838-4eea-8a9f-6d8ca4839bd2,29636607_47049694_noanimalcrop.jpg,0
b8a291f2-af22-4226-9658-e09a04687e3f,21824690_45517999_noanimalcrop.jpg,0
d1213b2b-06ce-40a1-95fe-dcf0201b4947,21288502_45514240_noanimalcrop.jpg,0
af54cdf9-b992-46d4-be56-d3b31651b838,28516485_1048224_noanimalcrop.jpg,0
03be01cb-b50f-483a-a736-91ffcb78a0f8,29679310_23668991_noanimalcrop.jpg,0
354ca703-d2d9-40fd-85e6-093a4387e50c,20908306_1057051_noanimalcrop.jpg,0
93eee0f5-d306-467a-842e-e1680659ab67,22169282_328695_noanimalcrop.jpg,0
6e04f5d9-11f8-4432-ac1d-09a17a0f3a1d,29608271_1286909_noanimalcrop.jpg,0
f713d1dd-a7c6-4817-9a61-48cd9852f633,21706937_45517788_noanimalcrop.jpg,0
580a1ff5-066c-479b-90d3-bd8536d4150e,20271422_46580048_noanimalcrop.jpg,0
5d8ed000-dbb3-4091-b2fe-c4832057b2b3,29761216_1055460_noanimalcrop.jpg,0
48ea6f3d-d56f-4c6d-8f21-5a14baab85d9,29109228_332015_noanimalcrop.jpg,0
11365702-f65f-4d49-8550-239754ed8b57,21724009_46559790_noanimalcrop.jpg,0
67c83d4c-91f6-43c4-bc04-a04c7c9da3c9,20922674_1019689_noanimalcrop.jpg,0
a510c96e-e1f5-44a2-b22b-9706a143dc17,8798882_1019149_noanimalcrop.jpg,0
6b15dda5-a44b-4386-9a71-f2ccc4cc6e4b,29776095_47048632_noanimalcrop.jpg,0
62847950-dfd3-4f4e-8f92-f3a6e590eb9f,22368505_1048040_noanimalcrop.jpg,0
77226ca4-a328-4e7e-a323-0c63fda0a6cc,20271433_46580048_noanimalcrop.jpg,0
30f9f5ab-0d57-4491-aa66-8cc481809dc3,21051970_1018932_noanimalcrop.jpg,0
5f0fda48-e351-4118-8d20-156fcb7ee018,29986911_1177988_noanimalcrop.jpg,0
0ab4a9fe-2e29-4595-aeee-6658210a09f4,20206321_46561068_noanimalcrop.jpg,0
093f24b6-a66d-4df4-8b11-fb1906117d3d,28516489_1048224_noanimalcrop.jpg,0
d03e721c-ffb5-4117-8aa1-2d4a798262d5,5944_330419_noanimalcrop.jpg,0
b70acdb9-c712-422d-a1a3-8112cb18bddd,22218824_1038801_noanimalcrop.jpg,0
8c7e8fa4-58bf-4de6-b19f-ac3761af1988,29473130_323892_noanimalcrop.jpg,0
2756d48d-bc8a-4a48-ae4c-047f997b3992,20765368_1064877_noanimalcrop.jpg,0
24771954-90ee-4f66-aea5-1841a5864ca5,9454820_45516020_noanimalcrop.jpg,0
ca0dfb89-492e-4f71-8559-318e303494e7,28362307_45276639_noanimalcrop.jpg,0
fba494be-bc50-4edd-9827-936e6d2872ec,20240183_1056843_noanimalcrop.jpg,0
c4eadbb8-6f7c-45a9-9334-cc0c915ea91c,28478117_793232_noanimalcrop.jpg,0
5ebf475f-36e4-435e-9970-51c52dcd3e43,20258983_45512605_noanimalcrop.jpg,0
e5d0067e-6b31-4f31-b512-85713b8e10c2,20505862_311183_noanimalcrop.jpg,0
839d1e43-1672-40f3-af44-dc7a196617cb,20547857_1178056_noanimalcrop.jpg,0
1c855d26-0215-464a-a4bc-806e6d01e806,30038507_45509321_noanimalcrop.jpg,0
1a593bf8-1106-4b29-9f63-3cf3f547aee1,29652523_570181_noanimalcrop.jpg,0
c47b835c-add6-4f78-bab4-90f8cbfbd4d4,15270470_1038777_noanimalcrop.jpg,0
6dca4020-c551-4979-8831-a9608bb9787e,30053718_912805_noanimalcrop.jpg,0
776dfe31-5662-4ca8-ac86-1d437a6d81e1,22323736_46564942_noanimalcrop.jpg,0
d95ced12-860a-47f0-92ab-bb288dec9f8d,21051977_1018932_noanimalcrop.jpg,0
643465a2-ca32-4b9c-ab52-4f3edfe4c1f7,20599602_45513966_noanimalcrop.jpg,0
ebbf32d8-2d8e-436e-a0b1-83c13144a2fa,29380224_793088_noanimalcrop.jpg,0
a32c35db-2072-4d1f-8ae0-cf2b32955a31,22137141_45513870_noanimalcrop.jpg,0
20d20c44-0f31-4949-8c6d-cdbfc6614579,30112822_45517661_noanimalcrop.jpg,0
3f2575d6-52c5-475c-a1b4-df858f9e6deb,10804281_4792502_noanimalcrop.jpg,0
46b5a62e-d609-4cf4-b895-33b2b8b513a6,28676413_1057160_noanimalcrop.jpg,0
d8fc76fc-baea-470c-8af9-5a444e6ef704,20143608_331381_noanimalcrop.jpg,0
ec6a9415-9848-45e0-a91f-169637545c01,22566919_45513542_noanimalcrop.jpg,0
eedae9dc-267a-4f60-bd62-2f1a012f20b0,28929280_45518003_noanimalcrop.jpg,0
7778feb6-6953-401f-a2d3-8341ad285b9a,30062937_45509337_noanimalcrop.jpg,0
9e4c38be-1b15-4044-85de-6e3d899a5ded,29992210_46559486_noanimalcrop.jpg,0
f9d1ef59-f7f2-4030-b9c7-2ff900f7189d,14076061_327865_noanimalcrop.jpg,0
0997f25c-f5c1-43c6-947e-fa7eaded42f7,8823284_45512066_noanimalcrop.jpg,0
d87d72f3-a2e5-4387-94a2-b5c643616da1,20908294_1057051_noanimalcrop.jpg,0
b3990453-1297-4517-b805-eeae8fe92489,28760428_45517890_noanimalcrop.jpg,0
1be5ea4b-dc26-40ea-9493-0c20e4834e27,28343291_45276323_noanimalcrop.jpg,0
72ec8703-ba8f-417f-8e71-3282086afdff,29462785_1057163_noanimalcrop.jpg,0
dae9b069-00dc-4d60-af9b-e1e100f0ceb4,29900951_1049155_noanimalcrop.jpg,0
2321cd9a-00e9-4364-90c0-083cc9ecbb6e,21780178_45511494_noanimalcrop.jpg,0
29c33256-efb8-4834-a648-b2fb0ad9aa2e,21360930_45512248_noanimalcrop.jpg,0
506b5331-73a1-41d1-94bb-c5429b8d8931,29550120_45511093_noanimalcrop.jpg,0
1d4a97bc-ae87-4c6f-a90e-cc99f6ec292c,28219366_45276311_noanimalcrop.jpg,0
84a1020b-abc2-4fb4-983c-516488ac7fbe,20488659_336169_noanimalcrop.jpg,0
d839d861-ce58-4ead-bb15-c1919cf1d45c,22245694_45517731_noanimalcrop.jpg,0
8904a24d-a017-4831-aab5-6798daed1f79,21866403_46580005_noanimalcrop.jpg,0
6f5254c6-9faf-4549-9967-1a72b09ef225,14234761_1019254_noanimalcrop.jpg,0
4db6f9ff-c8d5-468c-a433-236a09adf4c3,29455236_1048403_noanimalcrop.jpg,0
dee7ec3e-8b60-47c5-b2b3-b831e16f61b5,20589363_1286909_noanimalcrop.jpg,0
e5951589-2344-489e-8edc-33533d0c8aed,28307534_45276518_noanimalcrop.jpg,0
20d1c176-f223-48a6-8eec-513b0b49846d,30075872_45513870_noanimalcrop.jpg,0
a5b1c65e-7c92-4ecb-b59a-ade044c20a1a,20817759_790997_noanimalcrop.jpg,0
86d81a10-b7de-426f-99b0-39182d61948e,8828501_328029_noanimalcrop.jpg,0
8c3f837c-9359-4fc1-8519-d023f16049a8,21580639_45512086_noanimalcrop.jpg,0
74f5ffe1-366e-42ce-bd08-785c967f0f54,21923660_45509321_noanimalcrop.jpg,0
15c048a7-d17e-43d9-b096-c96414f9657a,20271423_46580048_noanimalcrop.jpg,0
ebed0e3e-4251-46cf-9c20-94d22da110da,28170584_45276848_noanimalcrop.jpg,0
fe2b3b32-a203-4b53-a4ca-a453296d64c4,20589353_1286909_noanimalcrop.jpg,0
79954a10-7231-4065-bb3c-5216b13245d0,21181828_46394217_noanimalcrop.jpg,0
8e49ddce-db7e-4f18-9fac-dd80540dd5f9,20803061_791461_noanimalcrop.jpg,0
9625668e-df23-4739-8613-7fad2464baea,20963514_45511277_noanimalcrop.jpg,0
7d1c0568-fc4e-40e1-8eac-944eb7c7d170,20124503_46570095_noanimalcrop.jpg,0
cb5821d2-6ebb-470e-9681-5b784e1fd217,20912060_46560360_noanimalcrop.jpg,0
ffc1fe7a-c044-4a15-b876-7455f500af77,21378159_45513537_noanimalcrop.jpg,0
1f95210d-3cda-44a1-982b-ec4a347e39f8,29902234_1065065_noanimalcrop.jpg,0
6e2ff758-1122-439e-bb0a-964a1fd2ac91,20445376_45509191_noanimalcrop.jpg,0
17af7d6b-78cd-461d-8a5a-921e59ad1780,21109248_1049385_noanimalcrop.jpg,0
b690b75b-2a88-4a19-b1ee-83249ccb56ee,29457325_1057320_noanimalcrop.jpg,0
cd567413-4503-47fd-af5d-31f7734fdc8d,22399635_45510188_noanimalcrop.jpg,0
3daba9f0-db05-423a-83b7-c55b1f6b6197,30015535_45512569_noanimalcrop.jpg,0
144d77c2-1449-428f-8e88-b2c7a83e630a,28928767_45518912_noanimalcrop.jpg,0
650ea990-c348-46b0-858b-69f96670143e,29580617_45514697_noanimalcrop.jpg,0
17fd2c3c-d39c-44d6-ad2a-4714ce00e699,30031480_795456_noanimalcrop.jpg,0
679e97b2-b862-41b4-a6dd-d7ea194db38d,20927244_45510209_noanimalcrop.jpg,0
f018834d-2b5b-4e7f-b0c8-e89d47a076a7,21360922_45512248_noanimalcrop.jpg,0
cec11fd3-7a17-4d00-8ce9-39d43d923764,21827128_795456_noanimalcrop.jpg,0
7c3905ef-a688-4d25-875d-e384b07615d1,28994684_1181772_noanimalcrop.jpg,0
21edff9b-4c4e-4c1c-8edd-cc4ae09cc9d6,29033058_963751_noanimalcrop.jpg,0
7b99b06b-0b59-4d1c-be2d-77263df4804f,20080364_46579618_noanimalcrop.jpg,0
2a06721d-d9f7-4f90-b02c-175d910493df,22894731_1047771_noanimalcrop.jpg,0
55bc9196-5f7a-4ff2-9f68-61f73aafb486,29853776_2925671_noanimalcrop.jpg,0
139dd6aa-611b-44ae-ad9e-ea81d5082bac,20963644_128419_noanimalcrop.jpg,0
8620ee86-5a64-4a60-ae82-d119d830d39b,30033966_45511494_noanimalcrop.jpg,0
0e39d5af-4e89-49ea-b34c-98336566486e,20577178_4453333_noanimalcrop.jpg,0
3ce28adc-718f-4351-a11c-008b48dc7ece,21071830_355546_noanimalcrop.jpg,0
3ff437d5-ae63-45db-afb1-7a7334f66857,22184001_1177988_noanimalcrop.jpg,0
132b6617-a93c-4c3a-857c-22e88a03fb22,29922342_914531_noanimalcrop.jpg,0
26b2745f-e8c5-41b1-abf7-fe1c72039107,20577177_4453333_noanimalcrop.jpg,0
c4432f6e-c034-4b33-98c1-52ad1cd92589,21150978_323726_noanimalcrop.jpg,0
2a3e0a75-eeb1-45ec-97e6-02b4f2165db7,29759031_791511_noanimalcrop.jpg,0
64585c72-8d8d-4bb3-90f3-04459ef50345,22401531_1055803_noanimalcrop.jpg,0
e8bc3ea0-1acd-4b1b-951f-62e41ea51f4f,8788028_1048218_noanimalcrop.jpg,0
9df566e5-87c8-47a4-a19e-17249af697bc,29687534_2920193_noanimalcrop.jpg,0
edd6f589-29d1-4db6-8a35-48fa905581cb,22705705_46580724_noanimalcrop.jpg,0
0e51892d-0f56-49a8-9d32-8ed2fe4a7bd5,21442014_46516728_noanimalcrop.jpg,0
3e08393d-4e44-49ee-9164-dd108cb4fffb,14134308_45511493_noanimalcrop.jpg,0
99990a96-1a68-4021-b2f7-d87ddcaae4b5,22240810_45517756_noanimalcrop.jpg,0
c41db92f-75bd-4f8d-8e87-d41969df708c,15261938_328070_noanimalcrop.jpg,0
8276d188-d30f-425e-9459-2a61fb77c1b9,21541547_45518912_noanimalcrop.jpg,0
f4fbe5d4-7a6f-44ba-8e57-704e32e6ee03,28741283_46559756_noanimalcrop.jpg,0
39b08f45-28aa-4bc9-9f44-98922875de78,12312063_46579618_noanimalcrop.jpg,0
373d885d-5b14-4af1-b290-d7202bb22e80,22245698_45517731_noanimalcrop.jpg,0
80bf7255-1db9-4224-b122-683e5d233546,22961888_1041309_noanimalcrop.jpg,0
2d4f90f4-b2d4-4c58-91da-3a1ce87a207b,22180216_2984557_noanimalcrop.jpg,0
98a8875d-4c69-4f0a-8ee0-306d14b2ceba,20239907_4453917_noanimalcrop.jpg,0
b1a4d0cb-8753-4f2d-a846-96613b2852f1,21055044_45518587_noanimalcrop.jpg,0
19f9428d-df82-481d-a50c-001f03927284,30049037_795277_noanimalcrop.jpg,0
c5e5ac8f-2677-425c-89f6-298e7564fe89,29776108_47048632_noanimalcrop.jpg,0
bda15c2c-121c-4f68-9dd6-cc4d73f82a71,22920631_337659_noanimalcrop.jpg,0
d421d268-4998-4691-9fac-38e8f4e76eae,22894734_1047771_noanimalcrop.jpg,0
8847e86d-7f27-4203-ae35-8b981a5fade3,20315200_46561012_noanimalcrop.jpg,0
3e1e0165-c8bf-4348-bc4c-eed4d0c52420,22930590_1227079_noanimalcrop.jpg,0
762889d6-e8fb-4ff7-9b00-0651147e6951,22375401_45518969_noanimalcrop.jpg,0
cf8efb56-31ab-4237-b577-fc56965b83b0,8825125_308387_noanimalcrop.jpg,0
4d76a8c6-eda6-487c-aad3-4d9bfbee5242,29297292_794627_noanimalcrop.jpg,0
cf6f2cce-c3aa-44c3-a8ea-f228e3b5ca9a,22028344_45510504_noanimalcrop.jpg,0
69d1ad1b-7ac6-4ca5-92fb-0adf9704662d,22539008_354871_noanimalcrop.jpg,0
91f5052f-0fd7-442d-8bd0-a5e23e0a42f1,28755502_46560310_noanimalcrop.jpg,0
ce7961ac-594c-4c35-bb01-e26405afde0e,28676421_1057160_noanimalcrop.jpg,0
758c8117-3ab8-4e27-b466-f02c98519477,21709142_47049694_noanimalcrop.jpg,0
e9403152-8434-4ffc-a342-10f9e9855f3b,20488651_336169_noanimalcrop.jpg,0
c542c130-8aee-4e7b-bb79-06f440b79259,6261_46559811_noanimalcrop.jpg,0
4cf5fb04-c740-498e-ab12-b6a1cafad428,21639308_1055460_noanimalcrop.jpg,0
3185fa5e-cdc7-4495-9db0-621b993172e1,11763_326451_noanimalcrop.jpg,0
ecea5dd3-e356-4e25-9522-08b67ad18d00,21586625_152379_noanimalcrop.jpg,0
25748d11-d976-49e7-a0a9-e051d4230401,21411800_449393_noanimalcrop.jpg,0
52a4c65c-da3e-4a40-97d0-f5539e1ff30a,28913273_330971_noanimalcrop.jpg,0
8de5b7b7-7939-40a3-b65d-0fc27ad72ae5,29679335_23668991_noanimalcrop.jpg,0
8ffa84d5-f9dd-4d9b-9b04-e437a958fad0,21756538_46559441_noanimalcrop.jpg,0
deb91545-833e-4d62-bdf3-ae6b1b814218,20817756_790997_noanimalcrop.jpg,0
9253fd72-eb1b-47e2-a88b-64f787a97d0d,21923653_45509321_noanimalcrop.jpg,0
32514ef0-5096-4c70-8461-bf784b897045,21055052_45518587_noanimalcrop.jpg,0
c90ddd16-46a0-4308-a6f0-11a4bcb278d9,21360918_45512248_noanimalcrop.jpg,0
c90ddd16-46a0-4308-a6f0-11a4bcb278d9,20889096_1055496_noanimalcrop.jpg,0
767996e4-3857-4eba-b038-c057de27231a,28677569_1057176_noanimalcrop.jpg,0
b9bc5480-b55d-43ce-a8a5-8f1e5783915c,21288504_45514240_noanimalcrop.jpg,0
5032be42-0bbf-4442-b479-9a542ffc8e26,22986452_791049_noanimalcrop.jpg,0
6fb6715f-35f9-452b-b529-40a7e6636040,21390932_1019250_noanimalcrop.jpg,0
d992ac03-048e-4d43-b7bb-7077cd0035a9,20153341_46579700_noanimalcrop.jpg,0
247076b0-eb87-4877-9de7-70ebbd05ca92,20811699_45517661_noanimalcrop.jpg,0
0ea32747-cbe4-4aba-913c-7f8ecc0b2202,28362383_45276639_noanimalcrop.jpg,0
5e21b985-fa69-46d2-940b-17c6fe2219e1,29680310_47047909_noanimalcrop.jpg,0
a5d753be-16f8-4c64-b131-1adfd78c4584,10832860_45512091_noanimalcrop.jpg,0
ce52044a-a282-416a-ae6f-b747e604c2fd,29519070_46559311_noanimalcrop.jpg,0
b6e34b79-fa84-4d9e-8971-4bc4f9662bc7,21923663_45509321_noanimalcrop.jpg,0
ed6937d1-5896-41fe-aada-d65932dae9f9,14103231_1049004_noanimalcrop.jpg,0
ca9cd98c-fbcc-4d38-86df-2dff3fe9316f,20683878_1049466_noanimalcrop.jpg,0
aaf48bb2-12ec-442d-9f05-45792acb9ae5,21181835_46394217_noanimalcrop.jpg,0
10ba3d59-129e-47ae-906e-f33118175ca6,20683893_1049466_noanimalcrop.jpg,0
9d6ee372-9315-4ff8-8886-377154bf474a,20239904_4453917_noanimalcrop.jpg,0
363be999-b711-43e6-9009-605bd83452a9,29704160_45509933_noanimalcrop.jpg,0
80c4826c-7ff2-4eac-934c-00c38f0dbfda,8860856_46559202_noanimalcrop.jpg,0
e7e9d7a3-a823-432c-997e-5571440f4cb9,22218822_1038801_noanimalcrop.jpg,0
bfd7fab7-8aee-4875-9209-ad3790b2942f,20503494_795277_noanimalcrop.jpg,0
deb86ecf-73a7-4e0a-af64-e268659e9921,8861128_1039032_noanimalcrop.jpg,0
ba9d0099-26bd-4d5a-b2b2-0aac925de45b,22270118_45511267_noanimalcrop.jpg,0
86206a7b-1388-4c40-9851-64123edb827a,22375404_45518969_noanimalcrop.jpg,0
384321c9-5183-469e-917d-5c892f67209f,22079004_46560977_noanimalcrop.jpg,0
223904d6-4b21-4ab4-9941-f985146202d2,20218667_46559780_noanimalcrop.jpg,0
425a1575-0994-4436-89e1-76969de32fb7,20963512_45511277_noanimalcrop.jpg,0
2bce90ff-7b6e-4b26-b09f-59dc2a9ad857,20714475_47047909_noanimalcrop.jpg,0
2077420b-76e3-4252-897d-4c65232b08ee,21378158_45513537_noanimalcrop.jpg,0
c2bded93-ad40-43ac-a317-5de4ea5764c4,29550115_45511093_noanimalcrop.jpg,0
f76951bd-d0f0-4fa6-be5c-7b022bad8192,22496125_1049004_noanimalcrop.jpg,0
f2140a23-09a6-4375-b703-77e7a49ebce4,20703740_1049138_noanimalcrop.jpg,0
0868624c-8cc8-47c3-9d5f-518417833c4e,21471718_2865857_noanimalcrop.jpg,0
2eeaf64d-ec2d-45ba-b4cf-4a1be250006c,22218833_1038801_noanimalcrop.jpg,0
c8e45b66-6660-46b4-b6e1-567826812478,28261341_45276299_noanimalcrop.jpg,0
4194e5ba-7b59-4b47-8af3-7d3379e0b31f,21507307_47045523_noanimalcrop.jpg,0
46641937-d550-40ee-a9b8-217062424c41,21669742_1181772_noanimalcrop.jpg,0
8d9ba88b-c938-4ef3-96a1-f011f5ca9dac,28895406_319982_noanimalcrop.jpg,0
2aba306c-96ad-4975-9eb0-3f3dfcde36b1,8828498_328029_noanimalcrop.jpg,0
62cb4115-5315-41f3-8254-22bf4e448311,30109936_45518587_noanimalcrop.jpg,0
d0402086-5f01-432f-9e66-c72eff66fdfe,20547856_1178056_noanimalcrop.jpg,0
0c044242-2874-4c85-bb15-4a241a0d8cae,22194646_1010637_noanimalcrop.jpg,0
81dd8d9b-3739-4177-98ec-ba486e6ee0d7,21832838_1050497_noanimalcrop.jpg,0
b6235458-830e-453e-9859-593c48c963c0,30086749_324405_noanimalcrop.jpg,0
4addde3c-e179-4751-b456-405bbcebba23,29568005_46559300_noanimalcrop.jpg,0
1bf838f4-5d19-4da9-a81c-49d7f5b69740,21375087_118008_noanimalcrop.jpg,0
3501fbb0-a8fb-4a28-aee3-ca777885d114,21801340_4357897_noanimalcrop.jpg,0
8fdc59f7-97fd-4e6e-b8bd-eb8d489d2dc7,28414636_45276545_noanimalcrop.jpg,0
4390b500-b9ca-45f4-be21-7f81ae3543f1,29707511_46559297_noanimalcrop.jpg,0
976b67ed-e963-456d-8347-7707b6914368,29297337_794627_noanimalcrop.jpg,0
84822cc8-d1bd-46d2-aadc-43be602fd058,29887444_1048944_noanimalcrop.jpg,0
ecd5753a-2d3f-46fd-9828-0ec71c53ee95,20005881_311549_noanimalcrop.jpg,0
11922e93-d391-4717-9b68-958b2a33fb2a,29014299_323908_noanimalcrop.jpg,0
d86bdd8f-e45d-4e66-bc3c-530387338ad8,20558969_45510832_noanimalcrop.jpg,0
82e13cbd-3c82-4744-9f3d-21cd0bdcfef3,28989397_311432_noanimalcrop.jpg,0
cef21d9f-7088-4b82-90b8-7e5437bb4e8f,20944096_45518794_noanimalcrop.jpg,0
0afb8044-6aad-485e-8580-eb2bc9be72ff,22137561_46559756_noanimalcrop.jpg,0
94c2955f-ad00-411a-9631-42da065eb1f5,22399646_45510188_noanimalcrop.jpg,0
2fe30f50-a808-4d63-9b9f-a7557d2e5c9e,22434039_2815879_noanimalcrop.jpg,0
b14b79eb-7461-4e20-a147-2bdbf042135a,29972871_1056842_noanimalcrop.jpg,0
0c507886-3ca7-4eef-b495-e80935957a44,14164906_118008_noanimalcrop.jpg,0
2cecf3f4-2744-4056-9764-535bdcdef54c,14109348_2867406_noanimalcrop.jpg,0
ee41ea17-23c8-4ade-a787-738f60d5ad92,28935289_45509477_noanimalcrop.jpg,0
83bfc50b-1b1d-4623-980b-64a604a2c11b,20865387_45509132_noanimalcrop.jpg,0
643de3e2-3792-49df-bb4b-a2794233d2ac,20845473_327936_noanimalcrop.jpg,0
176e8802-bb07-491a-b289-c1cb0066067e,22079002_46560977_noanimalcrop.jpg,0
e7f1c5a2-688e-4941-beb7-1e5fd0cb8a15,29680322_47047909_noanimalcrop.jpg,0
308dec93-24e6-43f3-b796-b43fff4a08c6,28934461_1038782_noanimalcrop.jpg,0
fba41d02-df26-4645-b603-826514e7b424,30030970_45517756_noanimalcrop.jpg,0
58aed125-3d78-4857-8b12-2b47628c0bc3,20803081_791461_noanimalcrop.jpg,0
2b140153-e137-4922-a422-fc2f0c29f587,8826777_862121_noanimalcrop.jpg,0
9fcc768a-fb93-4349-9017-afbdd0337b73,22218819_1038801_noanimalcrop.jpg,0
84b59225-bbc5-4e4d-97e5-61757a35a4ad,20817767_790997_noanimalcrop.jpg,0
fb723a32-43ce-40bb-9764-77869378ae87,28493956_816079_noanimalcrop.jpg,0
9e7c4140-fae0-4e3a-b592-0dc4b90b5d3b,22292564_47048632_noanimalcrop.jpg,0
97212ea5-b947-4d51-86d7-c24f9da539d5,14100187_1048944_noanimalcrop.jpg,0
65270464-37ec-4ffd-ada3-8a73fc933ddc,29734640_1011315_noanimalcrop.jpg,0
dd2bd3de-5b18-4a74-aaad-2e18461714b8,22225148_45516974_noanimalcrop.jpg,0
4f8ec0da-2d61-4e2d-b1e9-ca08f2345006,22521192_45512066_noanimalcrop.jpg,0
9756466a-a2cc-477c-af73-c2b8997f44fa,30089654_45510548_noanimalcrop.jpg,0
9996e81f-dbf2-4ab8-80f1-cf6d606272d5,29945320_1077217_noanimalcrop.jpg,0
a03d3363-d2e6-458d-b545-37fd56b60858,21232821_1033999_noanimalcrop.jpg,0
7383a420-1d71-41d3-9954-64f6eba25cba,20404073_46560323_noanimalcrop.jpg,0
989745f3-6032-46e5-b6c7-020b430c7b5d,29095394_1035663_noanimalcrop.jpg,0
08751e17-824e-46e3-93e9-f79d5055e21f,29902196_1065065_noanimalcrop.jpg,0
1df62a40-40e2-487d-ac43-0c260e5bea8a,20803067_791461_noanimalcrop.jpg,0
3cea5b96-c894-45b6-9597-7eed85bf2651,30099869_1047996_noanimalcrop.jpg,0
1a752b1c-d9ce-4e72-adf4-bf2716fdf00a,30072826_323915_noanimalcrop.jpg,0
fc4857fe-659f-40f7-b74a-fa2e441c814a,29538603_46580048_noanimalcrop.jpg,0
6eecae70-4c61-4a2a-97b6-8f33d4dabe32,29574300_45511297_noanimalcrop.jpg,0
75250756-8e8d-43a7-b945-dc10c1a6bc8b,30008666_328695_noanimalcrop.jpg,0
8da290aa-0438-4272-875e-70238e2661ab,20445370_45509191_noanimalcrop.jpg,0
d7d498fc-2d3e-4db1-9d77-cf258579fae6,29900916_4453305_noanimalcrop.jpg,0
5aa55cf3-0c6f-4f99-b77d-259844ad5816,8861136_1039032_noanimalcrop.jpg,0
59cbc1f3-eb07-4d1d-9a03-3a1c49ff41ad,29580613_45514697_noanimalcrop.jpg,0
3290abec-6a36-4af3-952e-db16e2792077,20803079_791461_noanimalcrop.jpg,0
01d95e84-1ffb-4a62-a200-1aeaeece7c6a,20599609_45513966_noanimalcrop.jpg,0
70c138b2-2799-49e9-bbda-84f20dc3a920,14106324_791049_noanimalcrop.jpg,0
5bc2500a-b365-4d34-a475-9535fea379e2,27656350_46577312_noanimalcrop.jpg,0
64d943c1-1197-4967-bd67-20c4345f233e,20992349_47363970_noanimalcrop.jpg,0
af3272ff-a9e8-4afe-92ae-48999187ef5a,20332243_46545536_noanimalcrop.jpg,0
9adf79aa-00da-4e3c-8a5d-a3a55699f292,5472273_328070_noanimalcrop.jpg,0
5c9c3741-e822-40ab-a13a-a333fb5dc60b,28928727_45518912_noanimalcrop.jpg,0
ec86b983-9d9f-466b-9732-a23d7f7546ff,29922346_914531_noanimalcrop.jpg,0
99098c37-8b2e-4ca7-9742-9051321ea060,28746361_1049373_noanimalcrop.jpg,0
ff67432d-9aa8-409c-90a7-1f57ead3fe60,20350838_1055105_noanimalcrop.jpg,0
dc89d62b-f5ca-4286-b6f2-ad2fe94e6d81,8826785_862121_noanimalcrop.jpg,0
fa194140-c0e3-47fd-9f6d-032eba26d61e,20092325_45515857_noanimalcrop.jpg,0
9fae0f48-61b5-4651-9c71-c85ec29f9bea,28408389_1065346_noanimalcrop.jpg,0
c3aea8b6-c373-4524-977a-1c0f4c3fbfde,21827132_795456_noanimalcrop.jpg,0
599a898b-1b39-4f61-9c97-f6d39cea4b5e,28902877_311199_noanimalcrop.jpg,0
827e2f91-44c0-402f-907b-ea08e64a2c77,21768176_45511296_noanimalcrop.jpg,0
832bfe71-fccd-4814-8680-66c6df743e64,29345799_324407_noanimalcrop.jpg,0
d909dc35-08f9-437b-896f-a97154cd8f79,21181829_46394217_noanimalcrop.jpg,0
204a3fe1-e3bf-40a3-82c7-3389176ddf1d,22930582_1227079_noanimalcrop.jpg,0
a0c7c895-2996-4ece-8fc2-b1bb935c7186,21780188_45511494_noanimalcrop.jpg,0
fca2a55d-a97a-4a26-b835-004df4383388,20258973_45512605_noanimalcrop.jpg,0
cb4a8dcf-a266-4612-8fa6-a9a001c2bf92,29343338_1055122_noanimalcrop.jpg,0
c65f767a-cf41-4ffe-8fc1-dc95f9129b7b,20495353_205910_noanimalcrop.jpg,0
b49cf74e-ab11-49d2-992f-a6df3d32a254,28741497_46559813_noanimalcrop.jpg,0
31d3d731-43b9-4cc4-adce-518847f31d6a,14106329_791049_noanimalcrop.jpg,0
2dd8ca67-7ce1-44d8-b420-b4cf36f88049,28911618_7250886_noanimalcrop.jpg,0
f2a07cdf-7108-4239-bda4-08fdeecd6205,21453809_1048409_noanimalcrop.jpg,0
6353ae17-ddfb-47a9-93fe-dd7072e7f0a5,28675417_453303_noanimalcrop.jpg,0
e1768292-c56e-4355-a25c-7ae4ac6fc6b4,29343344_1055122_noanimalcrop.jpg,0
da52a895-0cf9-42c6-8b9f-fb362dc3e066,22521202_45512066_noanimalcrop.jpg,0
0c28a423-c9d3-46d5-b366-3b29e7f8e167,22521701_128466_noanimalcrop.jpg,0
7405ab87-0bcb-43f1-a6a3-d70c062d99de,29945328_1077217_noanimalcrop.jpg,0
ee0c19d7-f486-4336-9327-07467880b508,14736778_46559441_noanimalcrop.jpg,0
57bed8cb-ff9d-4869-8cca-4a2581005a68,22566933_45513542_noanimalcrop.jpg,0
aa302159-b226-4b6b-8a3a-e2f3f67ace1f,20647903_1065369_noanimalcrop.jpg,0
fc0ec066-1cda-47f6-884d-e6854b021532,29680983_328070_noanimalcrop.jpg,0
0df4f4bf-a656-430b-b53b-c2f04579173a,18218_45509438_noanimalcrop.jpg,0
b383fa60-9d15-4e9d-91db-815182083aff,21780183_45511494_noanimalcrop.jpg,0
e28a8b54-b2f8-477a-b1b4-cd5ab60938fa,22140487_311432_noanimalcrop.jpg,0
63a2c35a-c75d-4b32-9b89-01cccc5222a0,20769924_1050315_noanimalcrop.jpg,0
fb6e9927-b4b8-4047-8966-44b699e72f14,27808101_46564942_noanimalcrop.jpg,0
e9b70bfc-856d-4a51-b119-2f0bbc593aed,29706475_331078_noanimalcrop.jpg,0
75de3b2f-4558-46a0-978b-e3b6c68a5c72,20573020_46559713_noanimalcrop.jpg,0
3817b825-3ae8-4f7c-a23c-96c2a7cc2438,8970255_330812_noanimalcrop.jpg,0
877934ae-06f4-4aa9-9dde-67f0903a2218,20738651_46559412_noanimalcrop.jpg,0
aa34d0e2-4811-4dfa-83b9-bfd5b82b8fb1,29975064_45509269_noanimalcrop.jpg,0
9cdcb52c-aa96-4eaf-b7f1-9a51ca8840e4,21232825_1033999_noanimalcrop.jpg,0
41f82bd3-321b-4711-823c-0c1ac6954898,30015523_45512569_noanimalcrop.jpg,0
48660f2d-5c58-4ca0-bb04-e6bd0ef4a0fc,28872970_45517999_noanimalcrop.jpg,0
42b0a0c6-e759-4f24-b79e-c1b675fcadb1,29470313_46563153_noanimalcrop.jpg,0
1ed34297-cf8e-4796-8e85-847a7c07e790,21055048_45518587_noanimalcrop.jpg,0
4c7e17bb-1eb2-4e75-92ad-99bca2e6efbb,22028341_45510504_noanimalcrop.jpg,0
4cf1bb5e-26c4-4e5c-ae64-5b71d4003118,20398301_328017_noanimalcrop.jpg,0
e87893cf-4736-412f-bc11-d310715b9a70,14085753_331078_noanimalcrop.jpg,0
370347e4-b991-4039-8b47-427b9d1ca37c,21724006_46559790_noanimalcrop.jpg,0
41fae972-7066-4b34-9587-c462cf1bf488,29658943_1065063_noanimalcrop.jpg,0
98077615-6880-475a-9f1c-b578b2788bbd,20854038_792821_noanimalcrop.jpg,0
7804bf2c-779b-4295-bc9f-44742da9d053,14122438_792821_noanimalcrop.jpg,0
dabed142-a192-4fc5-b9e7-a530cfad4ff3,28414635_45276545_noanimalcrop.jpg,0
491c30f4-0a0b-4705-9dd5-0529bb608873,21286850_46559300_noanimalcrop.jpg,0
87bbe087-94cb-446d-a3d3-3cbb58354bf9,21824685_45517999_noanimalcrop.jpg,0
e7794e69-2237-410f-82ff-7b2f37796703,28752000_1048944_noanimalcrop.jpg,0
3a308115-003d-47e6-943b-4e7e4f9df0fd,22137139_45513870_noanimalcrop.jpg,0
fd069449-fc92-43a5-a4d9-14a881a85955,8768366_331481_noanimalcrop.jpg,0
3f89497c-7b50-48f6-9853-2b0c5fb8ec34,29907329_46559744_noanimalcrop.jpg,0
8ea5dba2-1a01-45ad-81a5-7dabc3ad229d,20558983_45510832_noanimalcrop.jpg,0
3bce01cb-ef04-440c-9eca-e847c49cd30f,29684475_45517788_noanimalcrop.jpg,0
633a2077-f36e-4fbe-aff5-aa1ce35dd3b2,20547869_1178056_noanimalcrop.jpg,0
da902f4e-5ffd-4648-b682-3669172067f7,22486698_1019162_noanimalcrop.jpg,0
c88c9187-d48e-4ea2-a9d5-f7fff7db9e24,22519446_914532_noanimalcrop.jpg,0
58ffd3a6-0d47-43fb-8fc0-fe5df57b032e,14228700_915363_noanimalcrop.jpg,0
14a36d2e-a07f-4d24-8c2a-65ea4442573c,10819496_45509269_noanimalcrop.jpg,0
1afb6f53-6ae3-430a-ba54-b0408a9ba4bf,29600169_52691998_noanimalcrop.jpg,0
586cae9f-c238-4005-a30d-5ff10213a9d8,13598684_45510188_noanimalcrop.jpg,0
f0f3e02f-f2ce-48af-8b41-74aee0e425f2,29384916_46581467_noanimalcrop.jpg,0
2ac71fcb-ec59-4eb6-935d-d11cee8c65e5,20112660_862121_noanimalcrop.jpg,0
46c052d8-e845-49ed-a1e0-61aa64832980,29797886_51263525_noanimalcrop.jpg,0
5668688d-f4bc-4b40-b10b-1cc07b246b08,22218835_1038801_noanimalcrop.jpg,0
b2935773-7a9d-4ab8-a417-ab9a86f96bcc,29839854_1055105_noanimalcrop.jpg,0
acb17216-e075-4bf4-9928-321064744ea4,29010397_4453917_noanimalcrop.jpg,0
74c5ed54-c852-4753-88bf-ce92b3069d53,22066187_45512091_noanimalcrop.jpg,0
a5f4aaba-5500-4b5e-ba51-548cd99bd603,29351567_311570_noanimalcrop.jpg,0
5cf70758-bf8d-43e2-a380-d8ecb04099ab,21411806_449393_noanimalcrop.jpg,0
c82c2529-fd9d-42cd-974b-a3a97a4b6916,8768386_331481_noanimalcrop.jpg,0
27f34d2a-2114-40a3-a57a-50090a780864,21499622_289670_noanimalcrop.jpg,0
ccb15173-e196-4e8a-b744-8f1cf96bf300,20683887_1049466_noanimalcrop.jpg,0
adc287fc-e74c-4a93-950c-a8b52fc20eed,2833162_47044557_noanimalcrop.jpg,0
e771af5a-2c70-4c06-bc81-43478213a047,8823286_45512066_noanimalcrop.jpg,0
8ac5730e-3fa3-4660-bde6-b4ff9680fb4e,8768387_331481_noanimalcrop.jpg,0
9db047e9-6002-4730-9fa6-88b77204f791,22496132_1049004_noanimalcrop.jpg,0
711c1af3-65b3-4db8-bf4a-9ef5701e5bd7,29297364_794627_noanimalcrop.jpg,0
7c8a1a8a-292f-4c6a-a6a4-35ca222cee04,30025430_333429_noanimalcrop.jpg,0
cf23bd99-d72c-47d7-804d-72dfdd7aeb5c,22618624_45512036_noanimalcrop.jpg,0
b3a49b40-bee1-429e-9ab5-7b97bb21fb35,21232822_1033999_noanimalcrop.jpg,0
ad9b473a-3b80-4eb1-9060-a693bfe0b6e5,29395528_45511492_noanimalcrop.jpg,0
96a3e57b-f507-4b53-85da-3763c2f1cce9,22888803_1048218_noanimalcrop.jpg,0
1e5be3c6-0916-49c7-b735-59b0a51ece47,29992206_46559486_noanimalcrop.jpg,0
9a0f5dfa-2493-4377-a42b-446eebdf7d37,28493339_995017_noanimalcrop.jpg,0
6e4ab643-03de-407a-9d64-ecffc6614783,2747301_46559311_noanimalcrop.jpg,0
bfa713ce-b68e-4a36-a926-a9a20a3e6f65,29498025_1064877_noanimalcrop.jpg,0
f03586ac-c03f-4732-87d9-8750afd7b001,21055058_45518587_noanimalcrop.jpg,0
61d43e18-4c08-4276-947c-b67a0e8c6bf2,29658986_1065063_noanimalcrop.jpg,0
465ebc9a-7f62-4d5a-80d1-2997a8c9ac0e,20258982_45512605_noanimalcrop.jpg,0
5e8607e6-b22c-429a-86ad-822b0d80a31d,20944378_1065125_noanimalcrop.jpg,0
33df0068-367f-4840-a410-ac3bf79e5844,22705712_46580724_noanimalcrop.jpg,0
1bc62a09-8c21-40ac-9cab-b7c56051b67e,29420290_1038643_noanimalcrop.jpg,0
20f0e0d6-7a71-4238-a81b-d20fdb1dae98,21360925_45512248_noanimalcrop.jpg,0
3d66d83b-ffb7-489a-aa27-ffd01e51dff1,20245667_1049111_noanimalcrop.jpg,0
fd532fcc-8c31-4606-8dec-cd5918e1b1a1,20925369_4890709_noanimalcrop.jpg,0
25261cc7-fe6f-4458-9b54-f44bde652891,20992353_47363970_noanimalcrop.jpg,0
9eccfff7-ca67-44f6-b9ca-8f971301213f,28905389_323904_noanimalcrop.jpg,0
a31db9fa-0f8e-416e-8f79-c6aad397748a,22778498_1025413_noanimalcrop.jpg,0
c8d90137-b4c8-453f-b76d-5d63285711cb,20945952_919473_noanimalcrop.jpg,0
7771dfa1-a88f-431d-b830-b0b4bd13e50b,29983195_47044557_noanimalcrop.jpg,0
4be1e3b3-a7a2-4fe2-aea2-e9686d08e482,21375085_118008_noanimalcrop.jpg,0
d93dc08c-51a7-4955-87e2-6d75f1155e24,28935022_1227079_noanimalcrop.jpg,0
73c98de8-648e-40c0-8568-53cef09c583b,20294986_130707_noanimalcrop.jpg,0
4b090d51-c401-489d-8252-2aa8816b9626,21629972_46559745_noanimalcrop.jpg,0
796558c8-5fef-43f2-8c60-d0dba23f0a0c,20809230_46560594_noanimalcrop.jpg,0
2fa88969-4802-446b-ace4-7ea0029a7e5d,22946554_52572074_noanimalcrop.jpg,0
7fd42b8e-cf31-4081-bcfd-a26e64457161,22539013_354871_noanimalcrop.jpg,0
9619275b-ed0d-4114-9ec3-93ff870c49d4,29536718_1048330_noanimalcrop.jpg,0
9e107367-dfde-419c-9460-4bcbdf5645cf,29621016_46559441_noanimalcrop.jpg,0
6063a77e-32c4-40f7-a97f-9e2d13ab36ea,21071841_355546_noanimalcrop.jpg,0
d3a5feb9-d1ae-4b53-befc-0012a2851435,30036875_326525_noanimalcrop.jpg,0
5aa4ccf7-3010-44ca-bdc8-d50db4dcc4ab,10802708_794282_noanimalcrop.jpg,0
813a3a14-267c-4e34-868b-42fbc9d43c12,29946023_45517790_noanimalcrop.jpg,0
4736ac84-cb21-498d-9d8c-0628de422de3,29548212_47043290_noanimalcrop.jpg,0
c9a61e70-959e-4265-9663-4fd72a2ac017,11900_45513542_noanimalcrop.jpg,0
9e564164-42a5-4ff7-a13f-39ae6512fa72,29470318_46563153_noanimalcrop.jpg,0
3572509d-a0ff-4cfd-a1d9-62601435471d,30049043_795277_noanimalcrop.jpg,0
650d2d7c-6d6d-4c5b-b882-3bf276de2e7d,29681007_328070_noanimalcrop.jpg,0
ae383c77-3f7c-4ea0-81cd-b68a5cfb28bc,20231431_331074_noanimalcrop.jpg,0
76d7457b-488c-417e-8b6b-807b33453c7c,28917845_323929_noanimalcrop.jpg,0
c6388287-165f-4210-969f-efcc5a196b6f,28749421_308387_noanimalcrop.jpg,0
7e4ef3e6-4cda-4266-9066-43a2e8a55a51,29550109_45511093_noanimalcrop.jpg,0
4df4231c-bd48-429c-bb5f-58e74aaa7090,28854888_45516469_noanimalcrop.jpg,0
d057e515-5699-4542-9f0b-91dd518a579c,21081240_332456_noanimalcrop.jpg,0
b7cf1e51-5ce3-4f48-a9ce-9d186ce36136,20769934_1050315_noanimalcrop.jpg,0
38b3ad88-9ae7-42fb-b01a-1d480a02ff4e,29297327_794627_noanimalcrop.jpg,0
df2be33b-6818-4623-9f38-75bcfe395d32,20091438_46559311_noanimalcrop.jpg,0
23cc487e-e39d-4fff-a66d-3fd7a4c0abd6,8970245_330812_noanimalcrop.jpg,0
398fd51e-c828-4ca8-84ea-a8fb81b03390,29746938_47044474_noanimalcrop.jpg,0
edaa50fc-22c5-4139-a226-359ad852b43b,29729261_45276299_noanimalcrop.jpg,0
123aef29-a537-4c6d-bee4-3f3abaeb73a5,29981767_1038796_noanimalcrop.jpg,0
183d6711-f4fb-4c7e-aa53-613591db86b2,29874191_791137_noanimalcrop.jpg,0
90a84ceb-e921-428e-9d28-40b58d706739,22240818_45517756_noanimalcrop.jpg,0
fa4d9483-afd4-4a06-a1af-64547757966b,21279691_46559951_noanimalcrop.jpg,0
7e07f3fa-b30e-4f39-b1ce-4bd8b4cd7461,29407560_45513821_noanimalcrop.jpg,0
84a18525-9aae-4e88-89c6-66fc1b90020b,20245663_1049111_noanimalcrop.jpg,0
3d3311e9-8b50-49b2-9485-4ac9b17cf54b,29913227_794293_noanimalcrop.jpg,0
7554645f-e753-43e8-9c0c-189bf46d8bb3,28343271_45276323_noanimalcrop.jpg,0
dafc8d10-5642-49e6-9384-3de6b353a05e,30123081_45516169_noanimalcrop.jpg,0
8cef455b-00e7-4389-9786-a37483696955,28493335_995017_noanimalcrop.jpg,0
39a8bce7-378c-4965-90f9-e7159c4486c7,20547024_328497_noanimalcrop.jpg,0
43f2fc9e-c6dd-4c81-b3c6-f78e644d78f6,22521197_45512066_noanimalcrop.jpg,0
86e46283-c37c-4d57-b86e-cee7e247dafd,22245695_45517731_noanimalcrop.jpg,0
ecbe9a65-d6d9-4169-8020-1e488636d86e,22930591_1227079_noanimalcrop.jpg,0
1c8f93c2-c4d0-4323-b3d6-814f473d5048,22814115_308403_noanimalcrop.jpg,0
5759dd07-7a66-4a3c-98ae-501e95584013,14608599_476649_noanimalcrop.jpg,0
bdb38f34-d90f-49da-8ea7-967fed92990a,20889102_1055496_noanimalcrop.jpg,0
1f458e3f-d3fa-4dc2-8416-4945795774b3,22521687_128466_noanimalcrop.jpg,0
44108c81-c74d-4d54-9313-3d8ce88dd20c,20738648_46559412_noanimalcrop.jpg,0
23209584-efc3-4c5a-9128-54b52391fe32,20258970_45512605_noanimalcrop.jpg,0
a3d44df6-6054-4dca-b39a-d6d0446bff24,22066199_45512091_noanimalcrop.jpg,0
8eb16597-e5eb-41ae-ba42-283790e4a79e,30099886_1047996_noanimalcrop.jpg,0
eed03d5b-2b25-4baa-a529-b2fbd1226d99,2710557_46560977_noanimalcrop.jpg,0
471c345a-83f0-4608-8b96-ccd5cfda73a9,22894726_1047771_noanimalcrop.jpg,0
965b62b9-7367-42f4-ba92-0e6b1fa24460,22818988_45510585_noanimalcrop.jpg,0
8f55bc94-6e0e-4f51-9c8a-8de0dfb3b316,21922216_793088_noanimalcrop.jpg,0
c320a212-19b8-4554-b74c-926330f81dd6,20350844_1055105_noanimalcrop.jpg,0
98b15225-6b4d-4621-ac48-5c8276386f2d,21361948_1065067_noanimalcrop.jpg,0
641d1f6d-cd9d-4706-9a3b-5943d2ee0816,29468606_4453294_noanimalcrop.jpg,0
d2ae9e93-799d-4f23-af12-5a6f17415af0,29910706_47363970_noanimalcrop.jpg,0
2ad822df-b3b9-4ded-8664-0de2268f9ac0,29391178_1039153_noanimalcrop.jpg,0
707ea294-797b-4fa6-868a-fb57e0e80305,29883660_46560871_noanimalcrop.jpg,0
600a3204-3906-4760-b0f6-569505f71866,29389817_1179513_noanimalcrop.jpg,0
b02595d6-4f88-44c2-8a4a-202d00094f2d,29904442_1018725_noanimalcrop.jpg,0
631d15bd-5c2c-4177-918a-aef7134c453b,28312743_45276847_noanimalcrop.jpg,0
8c027762-a3d5-4813-97c5-35f7b4443fd6,14228505_1065067_noanimalcrop.jpg,0
fa5ccb3c-ca76-4c13-a61c-888bbd3fdad1,30015524_45512569_noanimalcrop.jpg,0
9cf0519f-520c-4bec-b084-661741e048e0,20288759_915363_noanimalcrop.jpg,0
eca869aa-ae20-4db9-8526-fc711fe7b54c,20963637_128419_noanimalcrop.jpg,0
2dba5e72-a8cf-4b2b-bb60-0818cfd4b6a0,22897155_212582_noanimalcrop.jpg,0
1f4422b0-1edd-478d-bcb0-63cd818e186b,29707481_46559297_noanimalcrop.jpg,0
8ebe48c2-dddb-443a-8dd8-f643a955361f,29826908_4454312_noanimalcrop.jpg,0
0f431e2b-e757-4bdc-bdc3-5f7e8bed54e1,20963641_128419_noanimalcrop.jpg,0
b20ec25a-b5cc-4f4b-9919-74df61f45644,30040822_46559206_noanimalcrop.jpg,0
15cb195a-ffd2-4701-9090-3a26a3f60ec4,20663363_205714_noanimalcrop.jpg,0
139b26e3-ae11-4dc6-97ff-0d0bc8875f97,20515560_46563153_noanimalcrop.jpg,0
0957051f-45ac-4c36-a50f-d1c046e8590c,21606541_45513587_noanimalcrop.jpg,0
52ebede6-6a04-460b-973f-319d5c628f21,20258969_45512605_noanimalcrop.jpg,0
12b9d12a-37d0-4ac7-ba0b-0e1d9db26d7b,20239897_4453917_noanimalcrop.jpg,0
035638fc-781c-4d4c-b90c-bcfec195120a,28914701_45514240_noanimalcrop.jpg,0
c6bc3d42-ad0e-410e-b2f3-67463812d6f0,22727904_1055462_noanimalcrop.jpg,0
68e5a2b1-08a3-43da-a7f7-3c14a7032311,28343288_45276323_noanimalcrop.jpg,0
aea7697d-6b25-465c-a6cf-b22a2a6fb67e,29321324_326355_noanimalcrop.jpg,0
084aac10-d18b-43be-8a7a-e0899df05031,9312883_858738_noanimalcrop.jpg,0
f15d5920-d150-4ff8-93a4-9130cbcd84c5,20743467_1052882_noanimalcrop.jpg,0
78381981-a608-4602-bd17-b299c537f06c,20865389_45509132_noanimalcrop.jpg,0
c9f6e3d2-77e4-44ad-b3ec-d45b6deca364,21515326_326525_noanimalcrop.jpg,0
4d5f61f9-23fd-46ca-bd80-d3e516482feb,29826919_4454312_noanimalcrop.jpg,0
f97764c6-4ad8-4bc6-85ec-284372a0abd6,21568292_4454312_noanimalcrop.jpg,0
a1e1d342-b2f5-4fae-ac4b-2353c0a69989,21938344_912805_noanimalcrop.jpg,0
2accfd25-1acb-417f-ad6c-92879f107bc6,28955337_355546_noanimalcrop.jpg,0
2d05eb3d-28fb-4b37-9f4b-e4d4aca32080,8877875_1050315_noanimalcrop.jpg,0
70e57434-2f22-494f-bc23-9d3447c540d8,2647_45511277_noanimalcrop.jpg,0
16715645-4c9f-46ad-b6cf-6793d1e8b634,20854043_792821_noanimalcrop.jpg,0
c960faf9-768b-4faf-91b2-cfbbbf59f2bd,20922657_1019689_noanimalcrop.jpg,0
76cad4e1-bc06-49d6-9db0-9b2dc3eb9b23,29543402_1018932_noanimalcrop.jpg,0
6c94769c-07dc-4d1a-bbc0-a92f895b2350,20080358_46579618_noanimalcrop.jpg,0
1d264d84-8baa-4e5b-a989-27751c508ca4,30017096_45509191_noanimalcrop.jpg,0
cc7fe0ac-7707-4dd7-a642-d054475065d2,21288506_45514240_noanimalcrop.jpg,0
8f46de17-b716-45c7-9225-76b5044bc791,20817765_790997_noanimalcrop.jpg,0
8c3a7b90-223f-4ece-8801-a1cb01c909f6,29071829_289670_noanimalcrop.jpg,0
000868c5-9668-4e97-9864-ec14a0b3539a,28318038_45276459_noanimalcrop.jpg,0
c4d2cbc2-3984-40e0-8c2e-b3847c209e81,21684283_124135_noanimalcrop.jpg,0
42002a1b-08ac-4a5d-b467-2c825cb4344a,22410729_46577312_noanimalcrop.jpg,0
d07f7335-2930-4132-a289-b21bd901e995,30049086_795277_noanimalcrop.jpg,0
172df8ef-b6fd-43c3-8d6e-b4a7917d5dd1,20558979_45510832_noanimalcrop.jpg,0
9da97db3-47a3-49dd-90c9-0ebb3203664d,21288509_45514240_noanimalcrop.jpg,0
779cd293-9d21-404e-ac82-687a86b38df4,29394584_46559813_noanimalcrop.jpg,0
a1348ef1-266e-4f80-804e-832c3ab31481,29727659_1049004_noanimalcrop.jpg,0
6ae672e1-72aa-484e-9db4-373e5a69a487,29900944_1049155_noanimalcrop.jpg,0
db2ffd99-122f-4214-873d-32c017773dd6,20845470_327936_noanimalcrop.jpg,0
9d956d22-bbd5-4c88-9251-3643bc6e98ce,21600391_1038782_noanimalcrop.jpg,0
63482a94-0168-4472-a839-3404f65c3fda,28915137_1010637_noanimalcrop.jpg,0
cda29663-354d-4856-a3a8-3ed6e22b6556,22730720_4453305_noanimalcrop.jpg,0
8565904a-553b-4158-b585-0c5a5c851f87,14083234_328029_noanimalcrop.jpg,0
5ba14821-432e-4a69-aedb-264a8530a9b8,14151638_1055462_noanimalcrop.jpg,0
79bba5c3-e385-4c22-b21b-43868d093070,22121751_791386_noanimalcrop.jpg,0
ffa460b2-8f86-4a59-b475-6c8fd225af51,28343290_45276323_noanimalcrop.jpg,0
e9fb8899-a90c-49a7-9d0f-f016fe815b8d,5473028_311570_noanimalcrop.jpg,0
198cfb77-aaba-4583-91e1-291d79a2dca6,14043806_331080_noanimalcrop.jpg,0
42b0607a-fe06-4513-bd45-ebf9f0c907d2,20811703_45517661_noanimalcrop.jpg,0
a6e3d594-b8b5-49d2-b2e4-34cad6a704b6,28740880_919473_noanimalcrop.jpg,0
8181fd70-d8a5-4868-8571-111aa9015a8d,21959629_4454250_noanimalcrop.jpg,0
f59c134c-2d1d-4bbf-9fa9-e07715442e50,22618633_45512036_noanimalcrop.jpg,0
3d092ea6-063d-44e4-b1a8-050db4512c56,28170666_45276848_noanimalcrop.jpg,0
11ffa51c-75bd-4f85-a542-e45a45f20e57,28274671_45276283_noanimalcrop.jpg,0
965d4859-1991-4e15-b966-5b53605fafc4,28632268_1025413_noanimalcrop.jpg,0
86aa99fb-f9c2-4558-a067-1847dc87ac53,28312799_45276847_noanimalcrop.jpg,0
ee7a97eb-26ec-42fe-ad45-4d6567774a7d,20092329_45515857_noanimalcrop.jpg,0
9c5cfc25-dbc7-4641-8a59-900146d6bc8e,29792856_4520624_noanimalcrop.jpg,0
75fda7d5-8831-4b27-98af-5ec5c877fcd6,22103795_1049135_noanimalcrop.jpg,0
24ba6589-6257-4407-b382-241b3e7801e9,22969024_1012078_noanimalcrop.jpg,0
a6191074-394f-42ab-a7bf-461db6c477d8,20765379_1064877_noanimalcrop.jpg,0
b1eac593-9a78-4fd0-be72-3ef14b067f10,20743466_1052882_noanimalcrop.jpg,0
97e5f071-e027-4e99-a9e0-deb429d146a5,20757089_914531_noanimalcrop.jpg,0
54ebabfd-4511-4411-8e58-70932b074763,29621266_46559476_noanimalcrop.jpg,0
060dfff7-f4a6-4054-ac7a-1d7e33d13fda,22137133_45513870_noanimalcrop.jpg,0
796002af-aa1c-4654-b54a-bfd2965b95c4,20765362_1064877_noanimalcrop.jpg,0
540f0825-79b2-47a1-aa59-462af357b968,20503490_795277_noanimalcrop.jpg,0
fff74cf4-bb04-4039-9b3b-6ccb58c93edf,20218661_46559780_noanimalcrop.jpg,0
be97173a-94b8-4422-854e-d3849dc3d889,21832831_1050497_noanimalcrop.jpg,0
74219dfe-ef48-465d-a9b5-9ad1ee9132fc,20927238_45510209_noanimalcrop.jpg,0
7f8689d9-f418-4585-9d18-f3de079b6ec9,22028332_45510504_noanimalcrop.jpg,0
7a130811-81ff-4a32-8c18-1966a646c19e,28274608_45276283_noanimalcrop.jpg,0
4b71ce95-b02d-4c62-b12b-0626750f728d,22969019_1012078_noanimalcrop.jpg,0
ff4f4969-9c49-4a0b-866b-e5d767fa7bae,14085754_331078_noanimalcrop.jpg,0
7114d7d0-266f-414e-afda-3db9220d8165,21051966_1018932_noanimalcrop.jpg,0
9b8e07d4-e5af-4595-bc06-ff5c3ada8476,9308_46561170_noanimalcrop.jpg,0
8a33a08c-31ec-4d22-93c8-b7ccc94155ae,20080359_46579618_noanimalcrop.jpg,0
32290981-2c0f-4b20-bd92-668d5b72d046,28492962_47045523_noanimalcrop.jpg,0
9bdb2865-3564-4cd7-ad37-b2ed4a6a1799,20889100_1055496_noanimalcrop.jpg,0
90f1b411-e7b7-4f4d-b2fc-7ca0149bb839,29364677_46559421_noanimalcrop.jpg,0
d9d191ed-263a-4952-87ac-2170eddeb176,22930581_1227079_noanimalcrop.jpg,0
a44713a1-bcdd-488a-8584-e9da630fb169,29819270_46561158_noanimalcrop.jpg,0
f82d90e1-aad5-4b65-ac01-5425640c90d4,21709127_47049694_noanimalcrop.jpg,0
8b546465-8aac-4555-acd0-f3c27d87fd36,28170618_45276848_noanimalcrop.jpg,0
f0047c8e-9d8e-431a-8728-1195f495b03e,8970253_330812_noanimalcrop.jpg,0
b1cc4968-a4b1-4bbb-820a-5fc4bd3fde18,21586626_152379_noanimalcrop.jpg,0
5aa4c658-c627-4be2-9c8d-9e51aedc7228,29620743_794282_noanimalcrop.jpg,0
8cee94b7-50cd-42c5-bf87-6841f3636694,20765374_1064877_noanimalcrop.jpg,0
33c8cf0a-b935-4268-aac7-f42fe377f0f5,14191862_1039153_noanimalcrop.jpg,0
44c572ec-24b0-4c32-ab5b-fdef6a977634,29468942_795274_noanimalcrop.jpg,0
ce9b9f88-9039-4095-83af-3aafbeada4b5,20206313_46561068_noanimalcrop.jpg,0
2ca399b9-c6a0-4fbb-a97d-43648454be1a,20714469_47047909_noanimalcrop.jpg,0
d4ecb891-9059-4453-98dc-276f7844c7e6,14608600_476649_noanimalcrop.jpg,0
08f178ac-c0e0-402e-acb6-ca3de26e67e0,22434053_2815879_noanimalcrop.jpg,0
440970c2-78be-46d6-9042-5f926810f7a7,21260397_46571820_noanimalcrop.jpg,0
a468160a-baa6-4d08-ad96-c3d4f2d61dcf,30112821_45517661_noanimalcrop.jpg,0
81fcf622-5a97-4a09-920c-22f0844619c0,20229227_45511531_noanimalcrop.jpg,0
3d68b916-11df-4f76-b7e8-7089ce8dc6d7,29919601_1049154_noanimalcrop.jpg,0
28781188-4cca-4cc5-a9ef-3fa6c5d4dc25,14015329_4453333_noanimalcrop.jpg,0
f7b689de-27f5-4708-8cf5-2e82619f8ad6,22270135_45511267_noanimalcrop.jpg,0
e2294cb1-3589-4351-ac8b-cd470a9fe252,22109854_45509337_noanimalcrop.jpg,0
357ba5d3-5240-4dd9-acf7-441ce704a7f7,8945068_1019469_noanimalcrop.jpg,0
d3f9ad43-bc84-44ce-91c6-88d91a9e6103,20613903_2925671_noanimalcrop.jpg,0
773ad82d-1f0c-4203-a361-bc7f195cbb30,28343280_45276323_noanimalcrop.jpg,0
322bc9d5-efed-43a8-8194-9a096693d761,22181476_46560151_noanimalcrop.jpg,0
48f23a21-3a49-40db-b02f-561adb239d56,20825185_46559297_noanimalcrop.jpg,0
cb45c8f0-f4a1-471d-9a69-9549c3bfa224,21684275_124135_noanimalcrop.jpg,0
bb12cbae-da56-4c12-b0d0-f5f8399e6da4,22401529_1055803_noanimalcrop.jpg,0
06380a48-70b8-4320-b7a3-599a3deb493c,20908302_1057051_noanimalcrop.jpg,0
36a9c8fb-2299-4643-8165-2bcfbe045e65,30089649_45510548_noanimalcrop.jpg,0
3bd91b48-eccb-43c1-85d9-4b38d56a7849,28763193_1010637_noanimalcrop.jpg,0
5a0d13e1-0ce3-4a69-a457-c5659e3fb9b3,22044908_45513549_noanimalcrop.jpg,0
3f0f4145-9c95-4646-a255-6e68145db835,29842127_330419_noanimalcrop.jpg,0
73468bc8-a3d3-46dc-abfa-f73d2637fd22,28343274_45276323_noanimalcrop.jpg,0
59822b84-e5b1-4d37-95c6-4214b593efbb,29902195_1065065_noanimalcrop.jpg,0
06ea5ddd-3107-4835-b9db-63fb19aa42db,29826921_4454312_noanimalcrop.jpg,0
6af4773e-db07-4267-9b19-8f47bd383f91,20703744_1049138_noanimalcrop.jpg,0
1fdf5192-83d4-4f5f-b10f-2d5e77def461,29476907_1065067_noanimalcrop.jpg,0
49c03baa-c2ea-4e81-b566-956478e992b2,22705695_46580724_noanimalcrop.jpg,0
f9221682-33e9-43dc-ba11-395df9148f50,28327222_45276972_noanimalcrop.jpg,0
bac8da5c-8a7c-489e-928a-fa8db9ef02f8,28362405_45276639_noanimalcrop.jpg,0
f49e7917-1708-41c7-af3d-cf551172e8da,22521210_45512066_noanimalcrop.jpg,0
b0a29e73-c3d1-4952-b721-049001b125e9,20398300_328017_noanimalcrop.jpg,0
57f11d6f-387a-43ab-9058-1bfac595cbb3,20757081_914531_noanimalcrop.jpg,0
74f42c79-bde2-47d0-8c31-e8bfe21293cd,30095047_4453913_noanimalcrop.jpg,0
69fd2bbf-f2a1-42dd-8b6f-67db3b133fb8,8777092_331513_noanimalcrop.jpg,0
66258c9a-e8ab-4add-ba12-779bf2bb3e51,21071826_355546_noanimalcrop.jpg,0
05a8ec23-59c5-4f79-8147-aa38ab09deb1,21756540_46559441_noanimalcrop.jpg,0
012cef20-9e21-4b11-9ebd-ef5a56ccbd6d,20280454_45517790_noanimalcrop.jpg,0
07c57c40-1a47-4b77-a877-679baf40dd41,2745972_45518969_noanimalcrop.jpg,0
d2225697-183e-4b9d-95b0-b7ac78248dd1,28404915_1056842_noanimalcrop.jpg,0
04cbbf82-d3ec-4064-ad4f-166423d521ba,29680306_47047909_noanimalcrop.jpg,0
1ca3aba6-ce4f-4a6a-8833-b4ada44aa59b,8973896_1048040_noanimalcrop.jpg,0
fbd35d26-31f0-4f6a-8d09-513498018304,29574830_45511296_noanimalcrop.jpg,0
1fe9ea8f-04b6-41e6-b687-2310ca987362,20262201_327865_noanimalcrop.jpg,0
165c1495-35d4-4806-bf93-32c5f9c84d8d,14177742_45511531_noanimalcrop.jpg,0
513f3af4-bbd6-48eb-bf1f-9c5a722962da,22140488_311432_noanimalcrop.jpg,0
196b6822-7f49-4860-a09f-6b15e167ae16,21385258_330419_noanimalcrop.jpg,0
80402f5e-22b1-42a0-89df-39e086350fc1,29945341_1077217_noanimalcrop.jpg,0
82430936-11f4-4dac-acdf-f0a256e1de32,28902868_311199_noanimalcrop.jpg,0
fad579c4-72eb-4d95-b5dc-86cae053b9a3,21411793_449393_noanimalcrop.jpg,0
c900f40f-3056-49fe-b9d5-c0d2d3c7226a,28742320_45513542_noanimalcrop.jpg,0
f8d1caf3-5fc0-4063-9a12-fffc57180011,20582263_46561018_noanimalcrop.jpg,0
8bddd385-a028-42a7-a626-264168b9ee65,8751609_1041309_noanimalcrop.jpg,0
1116af0f-5b87-44bb-851e-f87af5efffe5,30034054_1018900_noanimalcrop.jpg,0
609381c6-72bc-49b6-8ecf-2e5a18a87680,29887422_1048944_noanimalcrop.jpg,0
66ace818-ee38-4b97-8c92-3508c83fa912,28918382_1050497_noanimalcrop.jpg,0
851493b4-d8df-4c84-ae8c-8707727f8a1b,20599598_45513966_noanimalcrop.jpg,0
51d16449-8e6c-410d-8aba-aae3b9322df2,20589371_1286909_noanimalcrop.jpg,0
83a0a736-1236-41f0-a8ff-3af86fd92e21,28170568_45276848_noanimalcrop.jpg,0
73d99a59-6d92-4b21-9982-d5146a41f0e5,20092324_45515857_noanimalcrop.jpg,0
d8f6960b-cb44-4251-bde5-fcf3b1fcf95e,21181833_46394217_noanimalcrop.jpg,0
e8315c67-a5d4-4111-b2ec-5057ecaf59fb,28854870_45516469_noanimalcrop.jpg,0
b83e7d16-a89d-4b55-8cae-f8e979a95051,15269025_308387_noanimalcrop.jpg,0
339842ef-fb62-4fa3-9a25-f52c2dc5e6a0,15262382_46559139_noanimalcrop.jpg,0
fa6f1a0f-1e01-4107-a3e0-b773e8289eec,21013697_816079_noanimalcrop.jpg,0
7d7b0ed4-f5b3-4a53-b656-bdc5d554a0c6,20067855_1047996_noanimalcrop.jpg,0
e81271c9-3ef5-4d99-bf26-06d67accb98a,22496133_1049004_noanimalcrop.jpg,0
db509a0f-5d14-43c3-bf24-d24b787f51ca,27808102_46564942_noanimalcrop.jpg,0
eec866ee-a00a-4a57-93c2-543287a393c5,21866392_46580005_noanimalcrop.jpg,0
a81b1059-aafd-45ea-b8de-ca1ad05f65b9,30123070_45516169_noanimalcrop.jpg,0
04293f1c-e67e-4e01-9c16-4013b99daa77,30095031_4453913_noanimalcrop.jpg,0
a781e92d-919a-40cf-aa51-3e46d7931096,22184003_1177988_noanimalcrop.jpg,0
24b0e649-09d5-485f-8e9c-5902c8e1d29b,20927241_45510209_noanimalcrop.jpg,0
8e3ca79f-2ceb-4b87-9c20-f0b6cddc8b78,20589365_1286909_noanimalcrop.jpg,0
850742cc-8d2e-411f-b261-f00160a03379,29468955_795274_noanimalcrop.jpg,0
d6364fff-a4c7-48c1-8ee4-1e4389a91cd3,13988992_129474_noanimalcrop.jpg,0
17def926-f8d9-47cd-8544-d15cdced2176,22295835_1049154_noanimalcrop.jpg,0
069e4055-4ae9-4e35-885a-caa02c0f36a0,30049034_795277_noanimalcrop.jpg,0
b79e0048-1ab7-4f38-92ed-19893db109f2,8973876_1048040_noanimalcrop.jpg,0
1e986657-4846-411d-9940-0e3a13c411c5,20350837_1055105_noanimalcrop.jpg,0
798965f3-ce46-4d23-b7c4-d6a0739215fd,22222322_45511297_noanimalcrop.jpg,0
06428062-5127-4b9b-9da3-9de7e0c3e8cf,20617683_46559476_noanimalcrop.jpg,0
82b070d4-e1fc-41b1-94fe-37318fc3d112,22753144_1048330_noanimalcrop.jpg,0
e3f13dd9-5865-4b39-9614-d26458200d4d,21435423_1057163_noanimalcrop.jpg,0
e6e23fa0-c40b-4d5e-a578-83efe4bb32fe,21013703_816079_noanimalcrop.jpg,0
76ceea89-01bb-4f9e-99f7-0c28fe783fc8,29910702_47363970_noanimalcrop.jpg,0
d7ab978b-bbbb-4d46-bf81-7e804af0aa5f,21669754_1181772_noanimalcrop.jpg,0
1971b7e0-1593-43d9-ada1-6d998184a4e5,22248381_45512569_noanimalcrop.jpg,0
5b092a36-f6b3-4fb8-bced-efd04e2499cf,29919619_1049154_noanimalcrop.jpg,0
9e39e6c7-46d4-4824-9858-8219b5489096,30033965_45511494_noanimalcrop.jpg,0
e4b87240-b554-49e2-9863-4046d7af6788,28928672_45518912_noanimalcrop.jpg,0
3c0f05c2-7b23-4c5f-9c26-3e68a4cfc6d6,22930587_1227079_noanimalcrop.jpg,0
525a2fbd-a5c4-4ea2-8836-f04f3eca0839,29548178_47043290_noanimalcrop.jpg,0
c8f28fe8-81a3-43ea-9d59-308dbd2889db,28745816_311183_noanimalcrop.jpg,0
f235df85-1959-49da-af82-3b4e3c1fe490,22886872_1038796_noanimalcrop.jpg,0
3749e430-e3f9-42d4-9d6d-8f0d18139eb5,29346049_1049385_noanimalcrop.jpg,0
74411071-9022-4f0b-9c3a-849b10c0b407,22399647_45510188_noanimalcrop.jpg,0
6ae747db-81ba-42bb-9d33-edc1687cf72c,21606560_45513587_noanimalcrop.jpg,0
85f436a2-6f9f-4f7d-8d4c-b2bcd77975e5,20690634_794293_noanimalcrop.jpg,0
de25d598-059b-4751-9a35-ae131c78875d,21968972_1049373_noanimalcrop.jpg,0
db3d9627-aa34-4c4f-8a05-0435c51f42b2,28318037_45276459_noanimalcrop.jpg,0
a90d4df7-2a9e-4937-9acf-c3c5ce393a7b,28221214_45276460_noanimalcrop.jpg,0
7e272a6e-defb-4a0e-812d-15909dcebd04,29510039_130548_noanimalcrop.jpg,0
7e8e2a4a-516c-409e-9eae-7303f18680cf,22662196_45511624_noanimalcrop.jpg,0
b7fbd869-dba5-4c3d-935f-56651e955113,22248393_45512569_noanimalcrop.jpg,0
f3841d4c-4c28-4228-87be-f1768af22679,29321335_326355_noanimalcrop.jpg,0
e02633fe-3bea-4f22-a73d-2e2736127761,14136489_1050497_noanimalcrop.jpg,0
8104bddb-71cc-4595-b757-e99609906dc6,30109934_45518587_noanimalcrop.jpg,0
7839a1cb-05d9-4645-b7aa-121d465ce45e,30071024_323960_noanimalcrop.jpg,0
32cf9063-ff7d-4a52-9ae6-dd85461353fb,22743120_1048224_noanimalcrop.jpg,0
a5c7da14-7077-44cc-b5fe-6a2583df5143,29468513_4453294_noanimalcrop.jpg,0
276d20f5-6b26-48fc-a65f-da84f0510016,28929661_1049466_noanimalcrop.jpg,0
0a6bd571-6164-452c-8ac5-ecae9974c65e,20558972_45510832_noanimalcrop.jpg,0
c935a8f7-a36b-4f19-9e91-dc73d868e7e9,21543537_46578271_noanimalcrop.jpg,0
2da94675-a73e-4898-be90-698f9c2276b8,29510026_130548_noanimalcrop.jpg,0
302528ad-c4fa-4585-96b2-d0df53f5ed41,22886877_1038796_noanimalcrop.jpg,0
26ba055a-6b7d-433e-ba73-0b8380f8e58c,28414643_45276545_noanimalcrop.jpg,0
23d6f75b-e0f2-48f6-8f9f-7a210f243d1e,29904436_1018725_noanimalcrop.jpg,0
4f626888-71b4-4df2-9053-8f2f4e62d093,8943234_1048038_noanimalcrop.jpg,0
53484f5b-11cf-47a5-9f14-fcdfc46a0bd9,29371605_331513_noanimalcrop.jpg,0
ddd56015-eaf5-49ab-8e07-00d2b19df59c,22486697_1019162_noanimalcrop.jpg,0
d5265f69-28fe-4106-b09e-8d5c44275315,29865973_4472389_noanimalcrop.jpg,0
dfc8faa9-7533-4ad2-ac08-3679f3d1063e,30115210_46579619_noanimalcrop.jpg,0
8a66b11c-fa0c-4791-a17d-274e54d8d121,28915112_1010637_noanimalcrop.jpg,0
ed2db279-3da5-477a-9bfd-30bf53efadde,28872630_1019689_noanimalcrop.jpg,0
88f773dd-bc49-47a9-82b0-788be9732851,22613275_46578887_noanimalcrop.jpg,0
63a41de2-863e-468d-b44d-42430f6f210e,21232812_1033999_noanimalcrop.jpg,0
b120925c-4811-410b-bc6f-218c5822c86a,22140499_311432_noanimalcrop.jpg,0
91e23dc6-f2e3-4436-b7eb-034d6c8df8b8,20339463_46559787_noanimalcrop.jpg,0
8cda80d3-43ad-48fb-b5fd-91f739dfa428,2747304_46559311_noanimalcrop.jpg,0
75244d08-5305-468c-8a8d-950a2b775bb2,22137146_45513870_noanimalcrop.jpg,0
d19488e0-d468-44b2-91cb-4df79ba883a9,22434046_2815879_noanimalcrop.jpg,0
0044b7d1-2a75-488b-aef3-d3c70e0ae767,21881712_46559800_noanimalcrop.jpg,0
4c60edaf-fe58-455a-b457-6f3731b8ed38,21453811_1048409_noanimalcrop.jpg,0
172d662b-27f9-497d-a6f0-d9007f4f5ccd,29328874_45517890_noanimalcrop.jpg,0
2387495b-18f3-48ff-8764-d5d64f289825,20092338_45515857_noanimalcrop.jpg,0
708cbd36-4cf4-4f5e-80c2-9246d0d9b95b,20945953_919473_noanimalcrop.jpg,0
63730cd3-3d12-4229-aba6-cb6af3ef1408,28343286_45276323_noanimalcrop.jpg,0
78fa85af-b460-4b12-b366-4fc916c3659d,29900915_4453305_noanimalcrop.jpg,0
99e39b57-ed2d-4da0-8ac9-56232dfe8e2e,20005869_311549_noanimalcrop.jpg,0
74730a10-f93d-4d40-9b7c-5b5c4e6a9eb6,30062944_45509337_noanimalcrop.jpg,0
8462c54d-32a1-4356-8753-378512765037,21639303_1055460_noanimalcrop.jpg,0
3c0ee56d-07a1-43c1-90fe-5eaa530d0bb6,20469928_326451_noanimalcrop.jpg,0
a7f84f30-3e4e-44f2-b722-821dde4d8189,10802705_794282_noanimalcrop.jpg,0
8b45429a-61aa-4e08-b708-b432f7e0c16e,20912061_46560360_noanimalcrop.jpg,0
c6a47cef-1547-4751-b075-59544eb12c94,28675432_453303_noanimalcrop.jpg,0
4954ac7f-89c6-4602-9d9d-c32fd659c428,14006435_47048632_noanimalcrop.jpg,0
b9bb929a-7825-47dc-bb69-c3a326002936,8945069_1019469_noanimalcrop.jpg,0
a5d859e8-7ed4-4eb6-8564-225186492169,29902247_1065065_noanimalcrop.jpg,0
37f7629b-a0bb-459f-ad6d-8cc1dcf99beb,14081301_45518003_noanimalcrop.jpg,0
85f9e466-0bcf-4faa-bd67-3fec33bae39c,21360924_45512248_noanimalcrop.jpg,0
695eb183-c946-47a6-ab4e-1fbb02b6a5b0,22281489_324405_noanimalcrop.jpg,0
2ee164ba-7530-4733-b5ee-5b4e5646cbb9,11765_311183_noanimalcrop.jpg,0
80eb365e-096d-41a3-a39a-3553c73d7c84,10797027_1198625_noanimalcrop.jpg,0
73a4bc9c-2d43-4e82-9bb4-023db8250410,22270117_45511267_noanimalcrop.jpg,0
51df3bad-c7ad-4bf1-bcac-2730ae56c09b,14072954_328070_noanimalcrop.jpg,0
cdd31623-bcce-4185-bf6a-26735589c97a,8761352_791461_noanimalcrop.jpg,0
79abf02b-3846-4424-b36a-fe6cab18e020,28343293_45276323_noanimalcrop.jpg,0
3afe0405-452a-4b01-a43c-1c5ba4270d64,22566935_45513542_noanimalcrop.jpg,0
027ee37c-5735-4bb3-9bae-c4a23153b523,29746933_47044474_noanimalcrop.jpg,0
759414ee-7ad8-4346-8c40-fd07ee61c595,21232816_1033999_noanimalcrop.jpg,0
1495f079-7705-46c1-baff-4ecf42e4a5ae,22743116_1048224_noanimalcrop.jpg,0
57b8da4d-7c58-4196-84cb-49b0d5d1575d,22897151_212582_noanimalcrop.jpg,0
dffdb373-51c4-4a66-85e9-e7d3a7b545eb,2702992_211786_noanimalcrop.jpg,0
8277d4ab-557f-4098-8625-81e61a59ac51,21834167_1065290_noanimalcrop.jpg,0
4a97e355-3dc9-49c2-bcff-47c6f0700139,22486690_1019162_noanimalcrop.jpg,0
4f223fca-0258-4d99-8a5a-722eef298d8f,29819275_46561158_noanimalcrop.jpg,0
99ed71f1-7cef-451f-a981-b84a2a454aac,13989186_858738_noanimalcrop.jpg,0
f3d80113-2b51-4eba-9749-11a447e209ed,29095395_1035663_noanimalcrop.jpg,0
f69f1e9a-ed22-4bd7-b024-899c3009f697,29842131_330419_noanimalcrop.jpg,0
7817ad66-a543-4443-ae2e-c115067d575d,28307532_45276518_noanimalcrop.jpg,0
bc38f899-2bb7-4620-b30c-16749a9e2110,14226991_1018725_noanimalcrop.jpg,0
5742a504-123e-4809-95af-078f86d85c53,29797887_51263525_noanimalcrop.jpg,0
e5c4b8d1-6e4d-4507-9972-36eddb4131ef,20811698_45517661_noanimalcrop.jpg,0
53513ab0-db08-47ca-86c2-793c51bdfef1,21186965_211786_noanimalcrop.jpg,0
300156ec-073b-4200-8117-bc3e095a6ec7,28928739_45518912_noanimalcrop.jpg,0
ac0fc78b-cd6b-4d3c-9178-4d765eeb0f64,29887451_1048944_noanimalcrop.jpg,0
3af47d36-dc30-4400-bdf6-8b2eed52b49d,28902900_311199_noanimalcrop.jpg,0
aa003c33-c9e0-4e52-bf15-2ebb5a0ccd70,20589364_1286909_noanimalcrop.jpg,0
06b1ef55-d6dc-427e-8bc9-ca700bf284a7,20280473_45517790_noanimalcrop.jpg,0
fc4af54d-7af6-4602-bef5-0f41cd230e16,29900917_4453305_noanimalcrop.jpg,0
41882ffd-e5fe-45cb-8045-ec98cad35cae,22167300_51263525_noanimalcrop.jpg,0
781be289-82b9-4ffb-8648-e65c29347062,28656791_403723_noanimalcrop.jpg,0
5beea312-994a-4c12-80a3-0974b1b71004,22814122_308403_noanimalcrop.jpg,0
94d64407-6bb9-4eb9-a36e-9214e4b8ee7c,28493283_995017_noanimalcrop.jpg,0
46636e65-836a-4fb0-8fa9-e280a7b990fc,22969015_1012078_noanimalcrop.jpg,0
b19bd05e-d157-4aae-aa08-5cb7626caac4,29548215_47043290_noanimalcrop.jpg,0
6238ed65-8434-4878-9b4f-37f4a0460e9e,21329607_308387_noanimalcrop.jpg,0
869c924d-c8d0-4a95-8642-461cdf80b025,12311774_46580005_noanimalcrop.jpg,0
7dbfddab-c5e0-45ca-bc5d-020755ee68be,21709146_47049694_noanimalcrop.jpg,0
2864dd32-aaab-4aca-99ba-5bed79fea3eb,30095034_4453913_noanimalcrop.jpg,0
19cc54b3-7524-48fa-9393-29940a4732de,29473737_1055803_noanimalcrop.jpg,0
b1c919fd-be47-4ce2-b8fc-881735b79812,14020534_47049694_noanimalcrop.jpg,0
f1b42142-eca8-40b7-b975-4ae09ebf17c7,28363330_1019254_noanimalcrop.jpg,0
8775ed15-45bb-4ab8-8a9a-bfb4486a54f4,22922995_331481_noanimalcrop.jpg,0
e6752db0-9909-418b-869d-c1425538e0f1,8954969_1048224_noanimalcrop.jpg,0
32428d7b-7e3e-4e38-920b-63775a9d8449,20889095_1055496_noanimalcrop.jpg,0
bf3284ce-92ab-4929-a773-cfc481227e6c,20505857_311183_noanimalcrop.jpg,0
13c513c8-6f51-4996-885f-1c6da6d06f5b,20502097_46560555_noanimalcrop.jpg,0
cedc7430-5b15-46ec-b88c-6c7954b27c08,13988233_795456_noanimalcrop.jpg,0
242426df-6bc4-4b81-8346-2d1a83b227e4,14020650_45512039_noanimalcrop.jpg,0
90b13ad7-fb0b-4bde-986f-fcc3464c31cb,14037834_128419_noanimalcrop.jpg,0
3088bba4-171c-4be3-a081-432c53ad590d,29759025_791511_noanimalcrop.jpg,0
39b05115-822f-4444-a898-e23e27a33b28,13992895_46578204_noanimalcrop.jpg,0
057acc86-b90a-4bdd-831b-359e03f3dcd6,20922669_1019689_noanimalcrop.jpg,0
3ad777ec-430e-453d-b4b8-beda2e24ca4e,20617695_46559476_noanimalcrop.jpg,0
61b5a66a-747e-496b-9e58-c01211d23fee,20206327_46561068_noanimalcrop.jpg,0
63f13964-cbea-4325-8eed-d3d452031f93,29972878_1056842_noanimalcrop.jpg,0
d70f4848-9d29-44be-8bd9-a9b4dc1813b9,21756126_323915_noanimalcrop.jpg,0
f5b53ebb-e1bc-474e-83b2-a910fed58246,29951395_45513966_noanimalcrop.jpg,0
111ea31a-010d-4cff-b27a-54d1986d3a4b,22191929_1038777_noanimalcrop.jpg,0
3453e493-de69-4ce3-9295-4b9279892dff,20206320_46561068_noanimalcrop.jpg,0
96be0701-0001-4a25-b8b4-d954b1fe1543,28872971_45517999_noanimalcrop.jpg,0
b3a3d0eb-79ed-482b-8c80-d9ffebc10ab8,22183993_1177988_noanimalcrop.jpg,0
4bf4919f-a3ab-44cf-a735-6cfa37ff765d,8830625_45512036_noanimalcrop.jpg,0
449ac543-c842-4021-9334-1163e72bbb24,20900177_1048038_noanimalcrop.jpg,0
7c048779-d9f1-4044-9d1e-89dcf82012f9,22132978_45512039_noanimalcrop.jpg,0
27c87d35-ef92-4f51-a8c9-4ce5a3dde523,20757071_914531_noanimalcrop.jpg,0
76ae56ae-b856-4e11-8db1-7e7897bd3692,20613896_2925671_noanimalcrop.jpg,0
6a8495a1-6da8-4345-bffe-d9db4fd3edeb,30112815_45517661_noanimalcrop.jpg,0
2f92cc48-8567-471b-adbd-56902fa30997,30040815_46559206_noanimalcrop.jpg,0
74f38f13-4f40-43df-a18f-85677b92c304,21378151_45513537_noanimalcrop.jpg,0
1fbfa102-c61d-435f-9075-502ca348526a,22730715_4453305_noanimalcrop.jpg,0
5ca98ce7-a212-4591-abce-e2eb295c953f,29632494_791049_noanimalcrop.jpg,0
dfc63bf3-a35e-4bb8-81df-0d15f42fd948,20599596_45513966_noanimalcrop.jpg,0
aea79c98-40ed-4d69-a4b1-2b8dd77b1e12,28895403_319982_noanimalcrop.jpg,0
c71f08a9-a0dc-4dc0-bb17-bcb92c97c0dd,29853773_2925671_noanimalcrop.jpg,0
62d84624-fedd-4087-8b15-43177a0a53d4,20765376_1064877_noanimalcrop.jpg,0
28741178-2989-4280-aba9-ed8f7e8d4666,20240168_1056843_noanimalcrop.jpg,0
fc8631b6-149a-475e-9fc1-28ea3635298e,29407279_128419_noanimalcrop.jpg,0
c56b1722-d064-45d4-9d97-1f064e4fe90d,14111240_794293_noanimalcrop.jpg,0
28d41d1f-e05c-4351-862c-1bd3252e943c,28759144_46559206_noanimalcrop.jpg,0
e9c2510e-505f-4e6a-ba82-78ef9832881f,2746433_205910_noanimalcrop.jpg,0
7e6521e3-7334-4da4-abef-66c9fb64075e,29447639_4357897_noanimalcrop.jpg,0
96135340-65e3-46f1-97cd-b005598e290c,28675434_453303_noanimalcrop.jpg,0
495df0ac-610b-415a-8c7a-325801172d48,21232809_1033999_noanimalcrop.jpg,0
ab5f7fa7-29be-4476-8694-5f8e3eb3e9d5,29581888_454868_noanimalcrop.jpg,0
3d280d11-4d89-46d7-9872-662010219fd5,29718687_45512605_noanimalcrop.jpg,0
62ada090-2150-4409-b963-e843e4f3f097,14087571_323933_noanimalcrop.jpg,0
f996cedc-b3f9-4ce4-8428-784091918c5d,20288742_915363_noanimalcrop.jpg,0
4aa2ede8-c076-438d-91fc-e3cd6db6d209,22308478_1019469_noanimalcrop.jpg,0
7dd16444-8eae-47c0-bb84-861522a815e6,29945333_1077217_noanimalcrop.jpg,0
4f09b00f-e217-4719-8f9e-e6132490d995,13596486_1050315_noanimalcrop.jpg,0
af7b8e5e-4d16-4a0b-825c-8dfa741b19fb,22375402_45518969_noanimalcrop.jpg,0
21ae09f1-4bb3-4a62-ab25-b2d59386fe37,20547020_328497_noanimalcrop.jpg,0
977236c1-bf39-4352-90be-203fcf7436e1,20558966_45510832_noanimalcrop.jpg,0
b398164f-f266-434e-ab4d-9662145e596d,28634608_1048218_noanimalcrop.jpg,0
54ed544b-df5d-4609-b611-d866319b3867,30066129_45515857_noanimalcrop.jpg,0
a446977d-ea09-4e79-bd83-7a3fca84f3f6,29986912_1177988_noanimalcrop.jpg,0
a268815d-437d-4566-87b4-f457b8e3268a,30052481_308387_noanimalcrop.jpg,0
fbc561e8-69c8-41b5-b0f1-601769d5c719,20184954_311570_noanimalcrop.jpg,0
79392d93-83ce-4daf-bdd8-5dfe6bcd3b49,21361966_1065067_noanimalcrop.jpg,0
c3c0a340-29f1-4333-875a-c1b06eab4121,29500871_45512036_noanimalcrop.jpg,0
ea86772c-a3a9-4e24-b0f1-9d40fe7f4fa7,22132965_45512039_noanimalcrop.jpg,0
451a5f50-9fba-4640-8710-4596887d392d,8826779_862121_noanimalcrop.jpg,0
47a2f64b-5015-4d8e-acfc-70fce04be445,29980073_46559786_noanimalcrop.jpg,0
cb483f57-f9ad-4fe3-b99c-b8fb8235cb58,22501898_46561008_noanimalcrop.jpg,0
bc94f1e0-a171-4151-ab8a-45c71ebf150a,29420275_1038643_noanimalcrop.jpg,0
67cf5b55-9b58-4cb3-90a5-4467b5d4bfd4,29482928_453292_noanimalcrop.jpg,0
f536bb28-975c-4db5-a7ad-3e14fe047514,28414631_45276545_noanimalcrop.jpg,0
39d79432-9760-433d-afdd-2a993b50150a,22486704_1019162_noanimalcrop.jpg,0
26e4dd8c-ac4b-41b5-9bcc-337cb28e6bde,20009744_45514697_noanimalcrop.jpg,0
875a9298-2c03-4994-a2c8-b4425738050c,21051969_1018932_noanimalcrop.jpg,0
cea7e3b7-c009-479f-aeb0-4b70925eeda2,20294985_130707_noanimalcrop.jpg,0
5ea9b816-f5c1-49f1-9310-6bd755e5d747,21232808_1033999_noanimalcrop.jpg,0
5e27de19-b01f-4028-91af-0403061d491a,29538719_793083_noanimalcrop.jpg,0
d142cc37-5bb7-413b-8a9a-ca9232c080c2,22105012_1056984_noanimalcrop.jpg,0
f0fce25b-d238-4f75-aa8a-a7c7f79ce90b,20067835_1047996_noanimalcrop.jpg,0
21b8be4c-6f75-4a32-aaa6-7e88662369fb,20757080_914531_noanimalcrop.jpg,0
21bc3f25-d729-4307-b846-74cd0e3dfada,14736024_45511271_noanimalcrop.jpg,0
6bae3d5b-6ce2-47fb-9295-517a2fa3c5a4,22888792_1048218_noanimalcrop.jpg,0
9eb92cd4-c393-4611-bc7d-76e1b3c73c53,20226660_47044474_noanimalcrop.jpg,0
6ffd5ce2-f366-4102-9f3c-5624f6d13d4d,28669197_330971_noanimalcrop.jpg,0
f8e85228-9f2a-401a-9ac4-af68049162f1,21959635_4454250_noanimalcrop.jpg,0
952156b5-6064-41bf-beb7-a69c04dd049d,29680311_47047909_noanimalcrop.jpg,0
2eb36984-2786-42c7-8c6c-915c45174a81,21657007_1019149_noanimalcrop.jpg,0
8f293eeb-728b-43e5-b594-6b385ca2ee3c,29913220_794293_noanimalcrop.jpg,0
44b2797e-3339-4a18-8539-e7b77118223b,28414641_45276545_noanimalcrop.jpg,0
f9b82101-1599-4bcf-923a-7d0b0db04f35,28911603_7250886_noanimalcrop.jpg,0
4aa90062-f633-4fe9-81a9-1a029586ffea,15265508_326525_noanimalcrop.jpg,0
6663b362-b470-4cd8-815d-2a0328cbb42a,29887415_1048944_noanimalcrop.jpg,0
698d1035-903e-40a9-bf1a-448dafc6598b,22103788_1049135_noanimalcrop.jpg,0
e6d167f7-ceb1-42b6-b6c3-545e6e32199e,28757792_45509269_noanimalcrop.jpg,0
6367c5e5-2667-402b-ab26-5081b836aba8,8897639_4453214_noanimalcrop.jpg,0
e3e075d2-83d6-4366-a26e-0d96b7ae3e0f,29473738_1055803_noanimalcrop.jpg,0
d23499c8-40b6-48f0-a814-41ab8971a115,28219389_45276311_noanimalcrop.jpg,0
fd2c2c4b-79ef-4f95-be6e-77dfd422580f,8861125_1039032_noanimalcrop.jpg,0
549fd73f-2bd9-4a80-9c1d-1b042bda3393,20710780_1001090_noanimalcrop.jpg,0
23f31467-244a-41bd-b5b5-0f7852a36ec8,20811099_46559307_noanimalcrop.jpg,0
d15bc487-08c4-4a64-b8ee-b7d439f5afe7,22595467_2984563_noanimalcrop.jpg,0
8fea1037-345e-4302-ba08-4f581fcde14e,29910691_47363970_noanimalcrop.jpg,0
f7a68da2-a475-4d76-86a7-f18ad9bd4880,20312752_323914_noanimalcrop.jpg,0
60c7bc4d-a7e7-4f41-9401-e42d2028adea,8782007_1057320_noanimalcrop.jpg,0
3deabd9e-e0e2-459b-9f90-0729195cc467,28274642_45276283_noanimalcrop.jpg,0
84e6c967-1888-4bff-bfe6-ed95760b9278,22434054_2815879_noanimalcrop.jpg,0
7b1638e9-2bcd-4b5c-baf7-985223cfa38d,22460444_2867406_noanimalcrop.jpg,0
34d1ad2b-7698-4b33-9b9a-db80fa41ca3a,14083196_328029_noanimalcrop.jpg,0
1f1a4fff-5d6d-4bfe-8bf9-7fdbe39e0fe0,12591_45512248_noanimalcrop.jpg,0
c2a859c6-9de5-45c4-9220-1406c80c70a9,29679323_23668991_noanimalcrop.jpg,0
6fafec20-281a-43d4-a196-67fa384ba4c2,20258965_45512605_noanimalcrop.jpg,0
5f814511-e191-4453-84ab-1cc4196f1a33,28261333_45276299_noanimalcrop.jpg,0
07677727-fcc5-4488-98ea-56a3d759e7c6,30123082_45516169_noanimalcrop.jpg,0
652dd8ca-974d-4b8a-81cc-89789a9e6c15,22310549_46559744_noanimalcrop.jpg,0
3c9fca3a-6b3e-4bb8-9c03-bd0bee2fe566,21824695_45517999_noanimalcrop.jpg,0
c278c19e-aebe-438c-ab08-05eb34f7a899,29581887_454868_noanimalcrop.jpg,0
5f679ace-9b28-4b20-a2ae-cedbb2fdf85f,21499623_289670_noanimalcrop.jpg,0
610e4364-0029-448d-9c1a-94475033fbf2,14151639_1055462_noanimalcrop.jpg,0
5c99a481-6635-480e-a047-b2bcf454793a,21013692_816079_noanimalcrop.jpg,0
8293acde-1c0d-4347-bf2a-b0ac4b80c044,22486701_1019162_noanimalcrop.jpg,0
8212ba43-3c04-4433-b9ef-8fd250c5c584,8973388_331381_noanimalcrop.jpg,0
864c4f41-ae68-45da-8eb9-512ad6ac1d96,21507311_47045523_noanimalcrop.jpg,0
cd718f4e-3ed3-43f3-88c1-c35ce2c54c88,22281481_324405_noanimalcrop.jpg,0
91042325-b9db-4685-b89d-9d546b8bcb26,21507321_47045523_noanimalcrop.jpg,0
126d721f-42f8-4e4d-ba08-2150462ebf11,20765364_1064877_noanimalcrop.jpg,0
1c648b31-550c-4264-8765-6ac9d0a69658,20216787_45509438_noanimalcrop.jpg,0
2c0b849a-2526-490f-a6e3-aaf755ad2e52,21684284_124135_noanimalcrop.jpg,0
18d73a7c-e295-4576-adae-55e6c37eab61,29839848_1055105_noanimalcrop.jpg,0
03c37387-8b39-49ba-8a93-2ddb302fc3a9,22191920_1038777_noanimalcrop.jpg,0
6d558d00-e2cb-49ac-81eb-24a8085fd862,21471719_2865857_noanimalcrop.jpg,0
eb05fe3d-a7f2-4dd7-94d4-914ee89446b1,2710560_46560977_noanimalcrop.jpg,0
7f077bfd-6389-4101-92c8-97ee5bfdff0d,28755648_45512273_noanimalcrop.jpg,0
096b7b5a-6f74-4a52-b2d1-93a551aee195,21766566_45518003_noanimalcrop.jpg,0
d5d0710c-effb-4931-85ab-d583602ed74f,8775143_45512086_noanimalcrop.jpg,0
0f182ae8-a487-4650-ae7e-6e6481f3d512,29684003_46559951_noanimalcrop.jpg,0
7c942692-8663-4e9c-be57-33475b2c25b0,21670596_336170_noanimalcrop.jpg,0
31962511-c4b3-4f32-9547-490ce0cd1b74,30036893_326525_noanimalcrop.jpg,0
a57241c6-3ee1-482a-85b0-85a2bf776086,21922210_793088_noanimalcrop.jpg,0
4f5d5a4b-e6f8-4d0a-bfa5-03e2c2747edf,21328568_47043290_noanimalcrop.jpg,0
cf830ffd-f39b-4217-8c21-0b486e620875,29468547_4453294_noanimalcrop.jpg,0
db1b7e05-6b25-4dc3-b6e1-4b5ab47387a1,22613288_46578887_noanimalcrop.jpg,0
1c0b5c03-b019-4a8a-b186-583dafc6c4d7,29473109_323892_noanimalcrop.jpg,0
8fc982ca-fab2-4532-8eef-4817f45c7616,22920640_337659_noanimalcrop.jpg,0
86273309-866b-48d1-9ffb-e7cddb59f454,20502093_46560555_noanimalcrop.jpg,0
2b60e0dc-e19a-4ac9-900e-c1dad071784d,30091998_1048409_noanimalcrop.jpg,0
aa05782b-778b-42c3-bcfd-a235da7ac6e9,29193254_1047771_noanimalcrop.jpg,0
2b462492-9748-4d96-9926-9470e2da0d37,29599793_46559713_noanimalcrop.jpg,0
9894204a-77b3-41d5-bb90-78d64fa2fd49,30062951_45509337_noanimalcrop.jpg,0
dae6696d-a6f8-4a09-810e-2b707252976f,8867065_336169_noanimalcrop.jpg,0
4003a063-057d-4dcc-8686-d2d3ee5e6294,5472006_328497_noanimalcrop.jpg,0
565d742a-2869-4a48-8708-01f3b5601136,22765672_791137_noanimalcrop.jpg,0
4af16be1-5f61-49b0-b7a1-f1a3cae4bbc0,22292558_47048632_noanimalcrop.jpg,0
be239584-8823-4df3-aaf9-d082bb3ac142,8798607_328695_noanimalcrop.jpg,0
f6933b35-ff40-4a0b-b7d5-2aaf191045dd,28312758_45276847_noanimalcrop.jpg,0
52520268-042e-4729-a22b-48988221398f,14154773_128466_noanimalcrop.jpg,0
ebf8f71b-2d98-4b9d-8aad-5ce223ae60e2,20997173_46561158_noanimalcrop.jpg,0
3f0af629-aeb4-4a3c-a2bf-6905454415f5,29442487_45512091_noanimalcrop.jpg,0
77bc6329-3c89-415a-90b8-bdb79ce019b0,21827136_795456_noanimalcrop.jpg,0
3a7489f9-60fa-4d56-be50-869789f34354,29369180_323726_noanimalcrop.jpg,0
513a3d13-0061-4459-8615-3172ecfc8922,2720399_47047493_noanimalcrop.jpg,0
64b17e19-514a-4322-86a9-a4d02a7c28fb,28678936_453292_noanimalcrop.jpg,0
2cc44276-6d58-4864-be8d-72cc0ed39885,28675426_453303_noanimalcrop.jpg,0
b454b9ce-555d-4a33-81a4-ca869a36baac,20154096_46559748_noanimalcrop.jpg,0
59c26cec-1ad9-46fb-9783-6195477fbe51,20245668_1049111_noanimalcrop.jpg,0
c70265ae-0f52-444f-9390-d881c242b764,22169294_328695_noanimalcrop.jpg,0
3c39d5c7-9611-4217-9407-d2b93447468f,29625701_791461_noanimalcrop.jpg,0
9ef047c1-ee2e-4f65-9d7d-c1a32356067e,21756532_46559441_noanimalcrop.jpg,0
49d4de3a-71ac-473e-9c59-c0cdf0683c8f,14205823_45511624_noanimalcrop.jpg,0
405c92c9-5f03-4048-b205-f9c4dbad407f,28928738_45518912_noanimalcrop.jpg,0
e019e098-e205-459c-9ade-29e821af3042,20280471_45517790_noanimalcrop.jpg,0
a8d7ecef-0a44-4b53-a234-70fb6138123f,21847584_1065348_noanimalcrop.jpg,0
c8f63c33-e80d-4b75-8a09-23c15a701c4f,20714477_47047909_noanimalcrop.jpg,0
1f15cf91-d549-4909-9b77-cc1bda088fb5,20445365_45509191_noanimalcrop.jpg,0
b8bc5ba7-853b-49a8-8791-d3d0ddf6be75,22582800_51263523_noanimalcrop.jpg,0
e34cbd9d-7cf2-4ad2-94ac-06d6aafccf86,20963507_45511277_noanimalcrop.jpg,0
38910eba-16ed-42ab-9a1e-e989e039fca4,29470490_129474_noanimalcrop.jpg,0
747e6cff-3bce-4cbc-a667-5c7b74e3797a,28221208_45276460_noanimalcrop.jpg,0
28fc5f1f-397a-417b-97e4-2017a8783bc9,8887639_45509269_noanimalcrop.jpg,0
dd9d8adc-afbf-4e42-83ce-54f13645183d,14151641_1055462_noanimalcrop.jpg,0
16ff75fd-9ada-4efe-90eb-880e9240fcf8,21288496_45514240_noanimalcrop.jpg,0
18e832a2-501c-4a3c-ab6c-8a1860e9747e,30091996_1048409_noanimalcrop.jpg,0
f7ce0a7e-e6f6-400c-b207-ac81bb91885c,30095011_4453913_noanimalcrop.jpg,0
f39365ce-be99-4c77-afa9-87c99c96b7e3,13989194_858738_noanimalcrop.jpg,0
38ba440d-12ac-4a0f-99ee-7c08b44bbe05,21959638_4454250_noanimalcrop.jpg,0
585b9cbd-ffe1-4e3a-ac86-7628aa9ba14d,21377808_1055122_noanimalcrop.jpg,0
092ecab1-789c-4840-9380-21144765d042,30049027_795277_noanimalcrop.jpg,0
ce133271-387f-4a4a-9162-0c3690f73243,29946022_45517790_noanimalcrop.jpg,0
a61573e2-919e-433d-8d31-2dd47350491e,20547873_1178056_noanimalcrop.jpg,0
219b7cf7-3678-4051-ada9-4afb299197cc,8858252_4454312_noanimalcrop.jpg,0
6fd455a0-f99f-45bd-9100-fd52de3c77bf,22567546_323886_noanimalcrop.jpg,0
0fc6388d-a076-466e-8961-24f0f0f6e540,29468525_4453294_noanimalcrop.jpg,0
fb7efef3-e485-46bc-8b6a-31692089675e,22121746_791386_noanimalcrop.jpg,0
6b668bcb-7750-4fec-8e7a-45c755a0d5a1,22375392_45518969_noanimalcrop.jpg,0
f5972210-e6a3-4896-ae78-016624231a3f,21378157_45513537_noanimalcrop.jpg,0
d7bad249-f9c8-42d6-b8cd-e7d2dcce57b2,5473034_311570_noanimalcrop.jpg,0
d18d077f-c3d7-4476-a71c-5bac57cfd95d,21051974_1018932_noanimalcrop.jpg,0
1d2fef5f-dbd1-4adb-be16-9e5ded12d91b,29844429_45511531_noanimalcrop.jpg,0
62844a14-4f2a-4d3a-a1e3-de0a40416b50,29826924_4454312_noanimalcrop.jpg,0
fb80ba2e-3a41-44a8-afc6-c1cd5827c74a,21706933_45517788_noanimalcrop.jpg,0
45963348-9e33-4531-8fef-2121579b4d3a,29698430_152379_noanimalcrop.jpg,0
bd97403c-d7d5-4d6b-a0da-dbcd88b0474d,20714471_47047909_noanimalcrop.jpg,0
5224d51d-9dde-4bac-b00a-af0a3c78ef94,22308479_1019469_noanimalcrop.jpg,0
aa850fa1-966e-4cdf-8686-7c1673d14808,21608634_46559486_noanimalcrop.jpg,0
dd0bdd2f-215d-429e-9630-e1a16bf57ed0,20825199_46559297_noanimalcrop.jpg,0
d9760ea9-3afd-4e5e-b4c8-4a3e5082bb2e,28161054_331378_noanimalcrop.jpg,0
f0bbd441-2c70-4f8e-92c1-e0aee526cd49,30089648_45510548_noanimalcrop.jpg,0
f9d966f4-373b-4a73-9105-d419dcfbf9c9,29981768_1038796_noanimalcrop.jpg,0
0b8d3289-27f5-46d2-bf61-ffe9b54156ee,29600184_52691998_noanimalcrop.jpg,0
0b768b1a-eec1-4b3d-9d6f-fee642b1a13d,20750070_468536_noanimalcrop.jpg,0
0acf285f-2e97-4306-8b6e-6b1fffe90cfa,20245665_1049111_noanimalcrop.jpg,0
6d099fa1-cffe-4f23-b2db-35334636e423,14168811_1038643_noanimalcrop.jpg,0
c4f0400a-54b8-4c04-8928-9aa5ca23eb1b,20258980_45512605_noanimalcrop.jpg,0
52322fec-8e59-46e7-b531-35f4cf8ca218,28170630_45276848_noanimalcrop.jpg,0
b13a4fd3-765a-492b-a972-8f52ec37494f,21943398_46560310_noanimalcrop.jpg,0
61562e36-9124-4879-b4cf-7cd5c4b37d41,22443205_46559206_noanimalcrop.jpg,0
26336d2d-1f16-40ef-8d4c-99e802518b34,14015321_4453333_noanimalcrop.jpg,0
bbe542e7-574b-4dad-8428-1b1665907b10,22627526_323929_noanimalcrop.jpg,0
1ea78605-90b2-4051-a889-a3025865a9e0,14736064_45511296_noanimalcrop.jpg,0
8d485cea-1854-4157-b71c-5b17797b3312,22308481_1019469_noanimalcrop.jpg,0
cd64c752-5274-4c33-b12e-c20e9e288e27,20690625_794293_noanimalcrop.jpg,0
50b7e2ae-1f68-45c1-8062-cc486ffe1c3a,29455157_1048403_noanimalcrop.jpg,0
18dc3923-14c6-4ebe-890a-ec819697268f,14155392_47045523_noanimalcrop.jpg,0
fb7bae0e-2c22-4d62-9b54-7fafc83615e0,21435427_1057163_noanimalcrop.jpg,0
b14071be-0d0c-43b5-baec-37ac2c66b5c8,29844430_45511531_noanimalcrop.jpg,0
1ece59b5-81e6-4f46-ae90-4f3d60fcb087,15267495_45516020_noanimalcrop.jpg,0
5e60cd31-f48c-4ba0-b3e3-36f316a1689a,21081256_332456_noanimalcrop.jpg,0
f91682c3-3f2b-4c83-83ed-158bea0812d1,28493313_995017_noanimalcrop.jpg,0
346741b0-acd3-4eae-adc0-335927f6bd48,20063774_331080_noanimalcrop.jpg,0
58a07219-1734-4549-bf7a-4c615ee40359,28170614_45276848_noanimalcrop.jpg,0
8dc3cade-80b1-452c-8226-7b6342a0ed28,8791268_1018900_noanimalcrop.jpg,0
fc53339a-54dc-4c5a-a9e9-ce54e034a586,22521204_45512066_noanimalcrop.jpg,0
00c2fd10-a86d-4748-a13d-bf4b95344c63,22986449_791049_noanimalcrop.jpg,0
92b6c0fd-213c-4b9b-81f4-f53aada62fb7,21756130_323915_noanimalcrop.jpg,0
bbeb2210-09ca-4c54-8bde-7ab967fc3969,2738826_791386_noanimalcrop.jpg,0
4370d4e0-acb7-448e-89a5-729b068dacaf,5472008_328497_noanimalcrop.jpg,0
7b94c5b4-c8be-45b8-a7e1-64c13a67d9a3,21375083_118008_noanimalcrop.jpg,0
cbbcdbc9-35e1-4e18-8736-1bcae77e7c6b,29919614_1049154_noanimalcrop.jpg,0
1e3d8dd9-6041-451f-93a4-5aa5f5627772,29620727_794282_noanimalcrop.jpg,0
151da732-7d57-41cb-8d39-f07e5e32a727,29734633_1011315_noanimalcrop.jpg,0
78c765b6-aebc-4e70-a9be-0b343ddaa8c3,20925381_4890709_noanimalcrop.jpg,0
0de26d35-8c65-446a-a598-ed1d48b1cd29,2703000_211786_noanimalcrop.jpg,0
d52031da-2c81-4978-8317-a02e4daefadb,29369190_323726_noanimalcrop.jpg,0
5f2a6ac5-2f16-4016-92a5-2f10fa8ff3c0,21390925_1019250_noanimalcrop.jpg,0
cf6c2ae0-28fe-43ab-9d6c-6f7d9d2aa8d3,29416512_46560201_noanimalcrop.jpg,0
96f9d47b-4cee-438e-adf7-c4022d9768ac,22512343_46559786_noanimalcrop.jpg,0
cfe72ddc-9461-4218-8bbd-9aa36ae74e23,28307545_45276518_noanimalcrop.jpg,0
ce38b4b8-1b03-40b7-9c41-b4c56e7ca175,28362306_45276639_noanimalcrop.jpg,0
396117cf-3334-4b98-955e-d5993661e187,28929279_45518003_noanimalcrop.jpg,0
72c51fbc-abe4-4352-b9a3-8050821a3f26,11912_45513549_noanimalcrop.jpg,0
57151cd6-119c-4122-b0c4-26eee1faa7da,8872797_45511493_noanimalcrop.jpg,0
470a6d64-0cf1-4f68-9653-5c6e8bcc463d,8768372_331481_noanimalcrop.jpg,0
6a1dc940-df6e-423b-804a-e352708640c9,30089662_45510548_noanimalcrop.jpg,0
c1381630-7e2f-43c9-abd4-2a889025d3ff,29372152_354871_noanimalcrop.jpg,0
d81085de-f424-4e61-b922-dbf23046a05e,8962968_1019254_noanimalcrop.jpg,0
7a1dc12b-8440-4f48-91b3-9d53bf2a2943,13986100_1055872_noanimalcrop.jpg,0
c3caa6bc-62ce-4e31-8b55-7f9d0b519f50,14162233_45513870_noanimalcrop.jpg,0
9aa436ce-7f82-491a-a32b-c4ba5f816efc,28343273_45276323_noanimalcrop.jpg,0
1b6f0810-2495-4cda-87c1-504fc9029cfd,20647915_1065369_noanimalcrop.jpg,0
601db9ae-c421-488b-a04e-45818c96a2ae,28513616_331381_noanimalcrop.jpg,0
19976817-7012-4dc5-92f5-9f3b60df3082,28939657_46559745_noanimalcrop.jpg,0
d4f7163b-383e-4428-a9df-1961f87f1e3d,10809739_45509337_noanimalcrop.jpg,0
9099e727-51a4-4f11-8c33-21877a0013ad,28219392_45276311_noanimalcrop.jpg,0
56194394-fbf7-4aa2-8f68-1bd3a59fafc6,22778496_1025413_noanimalcrop.jpg,0
3f14d548-32fb-4b7d-8feb-adb70715a661,29628225_1048038_noanimalcrop.jpg,0
0ecee2ad-1240-4036-a6ba-fd95d43bb63c,20944094_45518794_noanimalcrop.jpg,0
e3ffb421-da44-4844-ad66-ea1e3814e88f,20922662_1019689_noanimalcrop.jpg,0
975729b5-d991-4b01-95cd-30b165933f06,22743121_1048224_noanimalcrop.jpg,0
682b0c95-ede6-4d65-960d-125d6b63ba0f,21754957_4453261_noanimalcrop.jpg,0
29e04006-3201-42c8-a115-b3bc14ab2f51,22574051_456490_noanimalcrop.jpg,0
ec229b43-553d-4fa6-9588-350d340cc197,2747451_46559951_noanimalcrop.jpg,0
22fcb301-db7e-4586-b13b-73c64d685884,28756083_45516974_noanimalcrop.jpg,0
307b3cee-196e-46df-a461-7d72634d9f8a,20894705_858738_noanimalcrop.jpg,0
aa502079-08d2-4ca6-98a0-09ccf71223d9,20743471_1052882_noanimalcrop.jpg,0
ddd09d1f-3e0e-4d83-afb3-3f0bc3e359d5,20927227_45510209_noanimalcrop.jpg,0
d75018de-1d5b-4220-ad2c-871e896b572c,14234769_1019254_noanimalcrop.jpg,0
3f752b54-0d47-4b49-8a28-a547d7b7e98b,28493966_816079_noanimalcrop.jpg,0
691ca252-4c25-497d-809f-6db7874e17a8,29742363_1065125_noanimalcrop.jpg,0
ed647e69-3416-4602-998b-8e35238512d8,14078901_308387_noanimalcrop.jpg,0
6c12d025-e18a-4c1f-8160-6c47fb02a32f,21023075_46570657_noanimalcrop.jpg,0
f5332685-0953-4623-a2fd-1e0229e64eea,28750232_46559744_noanimalcrop.jpg,0
77c48141-6a5e-4c36-a697-59a951fa8c5c,29705627_793232_noanimalcrop.jpg,0
a6db4411-7a2b-4bbd-8e30-91177919c64f,29537905_205910_noanimalcrop.jpg,0
06859f22-0c07-48f5-9878-6ac0295d51f5,28955326_355546_noanimalcrop.jpg,0
b872e284-10b5-4096-86d2-5b9c35655b6a,15266383_1038796_noanimalcrop.jpg,0
2aa8127b-3f0c-4cdc-b284-ac9a2ca81460,28902901_311199_noanimalcrop.jpg,0
9c2d74c7-b522-4002-acba-31b65b5914a7,29887429_1048944_noanimalcrop.jpg,0
6bca6854-b82a-4b9c-af16-3992c9726613,21181837_46394217_noanimalcrop.jpg,0
db18b649-499b-4a8b-a3a5-8f89c9a9f074,20854039_792821_noanimalcrop.jpg,0
44b684df-df0b-4ee6-9730-f305ceda73e6,10009_45510209_noanimalcrop.jpg,0
9544a411-7299-4cd7-b87d-d64a0d0346cc,29620712_794282_noanimalcrop.jpg,0
3bc72269-61d2-4225-a000-e0605a529cef,22521688_128466_noanimalcrop.jpg,0
b8cc70e1-33ef-40bf-aa39-3cce287f6d25,29923659_45509438_noanimalcrop.jpg,0
21f92d3a-54de-4f8a-b321-1a92f805953f,21766573_45518003_noanimalcrop.jpg,0
6c5192e4-83f2-4318-bd06-1cce4d8563a5,14048636_2984557_noanimalcrop.jpg,0
7d29b57e-fe98-472c-85fb-0950357947ce,8882174_45510585_noanimalcrop.jpg,0
e2509230-4583-4216-b1b3-27d15380420d,29010392_4453917_noanimalcrop.jpg,0
0f6abec0-fb8c-42cf-8732-c785de9a3952,29346855_45513542_noanimalcrop.jpg,0
cc187b35-5701-4db9-ae15-44055b6b9aac,20080361_46579618_noanimalcrop.jpg,0
f298d3e4-b76d-4af1-bf4d-f00a55d69b11,29548196_47043290_noanimalcrop.jpg,0
71adaa6b-3c27-4803-8f17-e3d48d5ffe39,22595466_2984563_noanimalcrop.jpg,0
b6df0048-2d18-4514-925d-464387752e99,21001024_46581467_noanimalcrop.jpg,0
0472c6f7-8883-4f04-a018-f199be511783,14137171_311570_noanimalcrop.jpg,0
18302d2a-9f7f-4540-8b30-fe7145b736dd,22434051_2815879_noanimalcrop.jpg,0
4887e5a8-3777-4869-a7c2-dbcae809e4bf,20547019_328497_noanimalcrop.jpg,0
46444d67-b75b-45af-afcc-9e1c1e3bee11,28756613_1050315_noanimalcrop.jpg,0
5e10f48b-f1c4-4583-85e2-672ed6120187,29951396_45513966_noanimalcrop.jpg,0
7db86faf-a5d5-4ae5-924b-3ce4b4226864,22028338_45510504_noanimalcrop.jpg,0
aa8e2ea9-4a8d-431e-8b11-d15476fb3874,29297317_794627_noanimalcrop.jpg,0
cae00f07-eec6-4b3a-b0f3-0ac77baad949,22888454_45509933_noanimalcrop.jpg,0
556a8eb8-4eeb-4721-bf5c-aa7d4fe16a46,28758158_46559811_noanimalcrop.jpg,0
b3f1183e-8699-4c3a-a59a-bfa63a666f98,21754959_4453261_noanimalcrop.jpg,0
9579e68b-7d49-4f94-abd0-e1e2cf01b07b,21756537_46559441_noanimalcrop.jpg,0
7f947a5d-5ee9-4f6d-8bfc-76f83a8b5e3b,21286856_46559300_noanimalcrop.jpg,0
